【整租】周浦 	东南三村 2室1厅,东南三村,3500,http://sh.58.com/pinpaigongyu/26742217917113x.shtml
【整租】惠南 听潮民乐苑零一坊 3室1厅,听潮民乐苑零一坊,2600,http://sh.58.com/pinpaigongyu/26467573647560x.shtml
【整租】惠南 	民乐城惠益新苑 3室1厅,民乐城惠益新苑,2900,http://sh.58.com/pinpaigongyu/26939849122482x.shtml
【整租】罗店 佳翔苑 3室1厅,佳翔苑,3200,http://sh.58.com/pinpaigongyu/26983635805121x.shtml
【整租】南翔 泰翔嘉苑 2室1厅,泰翔嘉苑,3500,http://sh.58.com/pinpaigongyu/26618937764017x.shtml
【整租】惠南 惠康苑东苑 2室1厅,惠康苑东苑,2400,http://sh.58.com/pinpaigongyu/26719692190771x.shtml
【整租】吴泾 其灵公寓 1室0厅,其灵公寓,2218,http://sh.58.com/pinpaigongyu/26453017374795x.shtml
【合租】川沙 凯佳公寓 4室主卧,凯佳公寓,2543,http://sh.58.com/pinpaigongyu/26938991590327x.shtml
【合租】张江 樟盛苑 3室次卧,樟盛苑,3050,http://sh.58.com/pinpaigongyu/26852897663535x.shtml
【整租】浦江 魔方公寓 1室1厅,魔方公寓,2200,http://sh.58.com/pinpaigongyu/26938976659400x.shtml
【整租】嘉定城区 远香舫新苑 3室1厅,远香舫新苑,3500,http://sh.58.com/pinpaigongyu/26985403613112x.shtml
【整租】上海大学 祁连欣苑 3室1厅,祁连欣苑,2000,http://sh.58.com/pinpaigongyu/26882889295172x.shtml
【整租】南京东路 魔方公寓新村路店 1室1厅,魔方公寓新村路店,3900,http://sh.58.com/pinpaigongyu/27007195068354x.shtml
【整租】顾村 美兰湖颐景园 3室1厅,美兰湖颐景园,3000,http://sh.58.com/pinpaigongyu/26453144040893x.shtml
【整租】嘉定新城 宝菊清水园 2室1厅,宝菊清水园,2700,http://sh.58.com/pinpaigongyu/26452906133555x.shtml
【整租】吴泾 其灵公寓 1室0厅,其灵公寓,2269,http://sh.58.com/pinpaigongyu/26852843098576x.shtml
【合租】真光 长征家苑 2室主卧,长征家苑,3392,http://sh.58.com/pinpaigongyu/26908185516972x.shtml
【整租】曹杨 星云经济区 1室0厅,星云经济区,3000,http://sh.58.com/pinpaigongyu/26984200694855x.shtml
【整租】月浦 新月鸿锦苑 2室1厅,新月鸿锦苑,2300,http://sh.58.com/pinpaigongyu/26475119706693x.shtml
【合租】洞泾 百鸟苑 3室次卧,百鸟苑,2045,http://sh.58.com/pinpaigongyu/26852920545334x.shtml
【整租】吴泾 其灵公寓 1室0厅,其灵公寓,2426,http://sh.58.com/pinpaigongyu/26852835948098x.shtml
【整租】静安寺 魔方公寓行知路店 1室1厅,魔方公寓行知路店,3200,http://sh.58.com/pinpaigongyu/26995039780298x.shtml
【整租】惠南 德盈佳苑 3室1厅,德盈佳苑,3000,http://sh.58.com/pinpaigongyu/26951592201656x.shtml
【合租】张江 樟盛苑 3室主卧,樟盛苑,3211,http://sh.58.com/pinpaigongyu/26885963720904x.shtml
【整租】吴泾 其灵公寓 1室1厅,其灵公寓,2188,http://sh.58.com/pinpaigongyu/26453014872366x.shtml
【整租】马陆 金沙湾绿地和苑 2室1厅,金沙湾绿地和苑,3100,http://sh.58.com/pinpaigongyu/26697253326151x.shtml
【整租】菊园新区 汇丰荷苑 3室1厅,汇丰荷苑,3500,http://sh.58.com/pinpaigongyu/26816002190416x.shtml
【整租】菊园新区 柳湖景庭 3室1厅,柳湖景庭,3700,http://sh.58.com/pinpaigongyu/26885049189040x.shtml
【整租】惠南 	德盈佳苑 3室1厅,德盈佳苑,3600,http://sh.58.com/pinpaigongyu/27004301329324x.shtml
【整租】月浦 新月鸿锦苑 3室1厅,新月鸿锦苑,3000,http://sh.58.com/pinpaigongyu/26904563601583x.shtml
【整租】惠南 惠益绿苑北苑 2室1厅,惠益绿苑北苑,2300,http://sh.58.com/pinpaigongyu/26467564318254x.shtml
【整租】上海大学 	丰宝苑 2室1厅,丰宝苑,3700,http://sh.58.com/pinpaigongyu/26851518553788x.shtml
【整租】吴泾 其灵公寓 1室0厅,其灵公寓,2271,http://sh.58.com/pinpaigongyu/26885965372482x.shtml
【整租】嘉定城区 远香舫新苑 3室1厅,远香舫新苑,3700,http://sh.58.com/pinpaigongyu/26951083579978x.shtml
【整租】人民广场 魔方公寓新村路店 1室1厅,魔方公寓新村路店,3600,http://sh.58.com/pinpaigongyu/27007160950588x.shtml
【合租】真光 长征家苑 2室次卧,长征家苑,2438,http://sh.58.com/pinpaigongyu/26453023061567x.shtml
【整租】月浦 新月鸿锦苑 2室1厅,新月鸿锦苑,2500,http://sh.58.com/pinpaigongyu/27006618176587x.shtml
【整租】吴泾 其灵公寓 1室0厅,其灵公寓,2416,http://sh.58.com/pinpaigongyu/26852829768248x.shtml
【整租】南翔 永翔嘉苑 2室1厅,永翔嘉苑,3500,http://sh.58.com/pinpaigongyu/26467553575620x.shtml
【整租】青浦新城 民乐佳苑一区 3室1厅,民乐佳苑一区,3200,http://sh.58.com/pinpaigongyu/27006231845301x.shtml
【整租】南翔 永翔嘉苑 2室1厅,永翔嘉苑,3500,http://sh.58.com/pinpaigongyu/26467553575620x.shtml
【整租】青浦新城 民乐佳苑一区 3室1厅,民乐佳苑一区,3200,http://sh.58.com/pinpaigongyu/27006231845301x.shtml
【整租】嘉定新城 永盛公寓 8室1厅,永盛公寓,2651,http://sh.58.com/pinpaigongyu/26852805490621x.shtml
【整租】嘉定新城 	柳湖景庭 2室1厅,柳湖景庭,2900,http://sh.58.com/pinpaigongyu/26771839357638x.shtml
【整租】罗店 美平苑 3室1厅,美平苑,2600,http://sh.58.com/pinpaigongyu/26467561322041x.shtml
【合租】泗泾 登云苑 2室主卧,登云苑,2058,http://sh.58.com/pinpaigongyu/26453032170034x.shtml
【整租】上海大学 丰宝苑 2室1厅,丰宝苑,3700,http://sh.58.com/pinpaigongyu/26940213560248x.shtml
【整租】刘行 美安苑 2室1厅,美安苑,2300,http://sh.58.com/pinpaigongyu/26467542645697x.shtml
【整租】南翔 泰翔嘉苑 2室1厅,泰翔嘉苑,3700,http://sh.58.com/pinpaigongyu/26949108305581x.shtml
【整租】月浦 阳光美林 3室1厅,阳光美林,3000,http://sh.58.com/pinpaigongyu/26895493345849x.shtml
【合租】世博滨江 昌里花园 1室主卧,昌里花园,3101,http://sh.58.com/pinpaigongyu/26884310134079x.shtml
【整租】张江 万科泊寓国创店 1室1厅,万科泊寓国创店,3300,http://sh.58.com/pinpaigongyu/26930212360233x.shtml
【整租】月浦 新月鸿锦苑 3室1厅,新月鸿锦苑,3300,http://sh.58.com/pinpaigongyu/26485936949451x.shtml
【整租】上海大学 丰宝苑 2室1厅,丰宝苑,3700,http://sh.58.com/pinpaigongyu/26972721469875x.shtml
【整租】南翔 泰翔嘉苑 2室1厅,泰翔嘉苑,3500,http://sh.58.com/pinpaigongyu/26453157252810x.shtml
【整租】周浦 印象生活广场 2室1厅,印象生活广场,3800,http://sh.58.com/pinpaigongyu/26718775190859x.shtml
【整租】川沙 华邦佳苑 3室1厅,华邦佳苑,2900,http://sh.58.com/pinpaigongyu/26963043557576x.shtml
【整租】嘉定城区 	远香舫新苑 3室1厅,远香舫新苑,3800,http://sh.58.com/pinpaigongyu/26927140675756x.shtml
【合租】洞泾 百鸟苑 2室次卧,百鸟苑,2235,http://sh.58.com/pinpaigongyu/26908151552583x.shtml
【整租】菊园新区 柳湖景庭 3室1厅,柳湖景庭,3300,http://sh.58.com/pinpaigongyu/26985208762668x.shtml
【整租】吴泾 其灵公寓 1室0厅,其灵公寓,2238,http://sh.58.com/pinpaigongyu/26453016217801x.shtml
【整租】罗店 宝欣苑一村 3室1厅,宝欣苑一村,3200,http://sh.58.com/pinpaigongyu/26928026026945x.shtml
【整租】刘行 宝欣苑一村 2室1厅,宝欣苑一村,2500,http://sh.58.com/pinpaigongyu/26807947408061x.shtml
【整租】嘉定新城 永盛公寓 7室1厅,永盛公寓,2864,http://sh.58.com/pinpaigongyu/26852809406761x.shtml
【整租】吴泾 其灵公寓 1室1厅,其灵公寓,2848,http://sh.58.com/pinpaigongyu/26852823707819x.shtml
【合租】洞泾 百鸟苑 3室次卧,百鸟苑,2242,http://sh.58.com/pinpaigongyu/26919138823863x.shtml
【整租】月浦 新城昱翠湾 3室1厅,新城昱翠湾,3700,http://sh.58.com/pinpaigongyu/26872590890566x.shtml
【整租】上海大学 丰宝苑 2室1厅,丰宝苑,3700,http://sh.58.com/pinpaigongyu/26972661950784x.shtml
【整租】菊园新区 保利天鹅语 2室1厅,保利天鹅语,2700,http://sh.58.com/pinpaigongyu/26467543293004x.shtml
【整租】南翔 金沙湾绿地和苑 2室1厅,金沙湾绿地和苑,3300,http://sh.58.com/pinpaigongyu/27004396823220x.shtml
【整租】青浦新城 青浦卓越商务广场 2室2厅,青浦卓越商务广场,2800,http://sh.58.com/pinpaigongyu/26794309276611x.shtml
【整租】惠南 彩虹雅苑 3室1厅,彩虹雅苑,3500,http://sh.58.com/pinpaigongyu/26795840828597x.shtml
【整租】浦江 魔方公寓 1室1厅,魔方公寓,2000,http://sh.58.com/pinpaigongyu/26972846638019x.shtml
【合租】唐镇 幸福里 3室主卧,幸福里,2510,http://sh.58.com/pinpaigongyu/26852796995658x.shtml
【整租】静安寺 魔方公寓新村路店 1室1厅,魔方公寓新村路店,3700,http://sh.58.com/pinpaigongyu/27007164849872x.shtml
【整租】川沙 华邦佳苑 2室1厅,华邦佳苑,3800,http://sh.58.com/pinpaigongyu/26882936063785x.shtml
【整租】菊园新区 柳湖景庭 2室1厅,柳湖景庭,2900,http://sh.58.com/pinpaigongyu/26661477451575x.shtml
【整租】罗店 美兰湖颐景园 3室1厅,美兰湖颐景园,3000,http://sh.58.com/pinpaigongyu/26467552367409x.shtml
【整租】浦江 魔方公寓昌林店 1室1厅,魔方公寓昌林店,2000,http://sh.58.com/pinpaigongyu/26982580154026x.shtml
【整租】上海大学 美平苑 3室1厅,美平苑,2600,http://sh.58.com/pinpaigongyu/26467548383558x.shtml
【整租】上海大学 美平苑 3室1厅,美平苑,2600,http://sh.58.com/pinpaigongyu/26467548383558x.shtml
【整租】万里城 魔方公寓新村路店 1室1厅,魔方公寓新村路店,3700,http://sh.58.com/pinpaigongyu/27007192345274x.shtml
【整租】外高桥 	品欣雅苑 1室1厅,品欣雅苑,3900,http://sh.58.com/pinpaigongyu/26908179712301x.shtml
【整租】安亭 路劲上海派 3室1厅,路劲上海派,3700,http://sh.58.com/pinpaigongyu/26783773729975x.shtml
【整租】共康 天馨花园 3室1厅,天馨花园,4000,http://sh.58.com/pinpaigongyu/26467558564525x.shtml
【合租】真光 长征家苑 2室主卧,长征家苑,3008,http://sh.58.com/pinpaigongyu/26908220674509x.shtml
【合租】张江 樟盛苑 3室次卧,樟盛苑,2601,http://sh.58.com/pinpaigongyu/26908294528953x.shtml
【整租】菊园新区 泰宸雅苑 2室1厅,泰宸雅苑,2700,http://sh.58.com/pinpaigongyu/26618221029689x.shtml
【整租】南翔 	泰翔嘉苑 1室1厅,泰翔嘉苑,3300,http://sh.58.com/pinpaigongyu/26884910980920x.shtml
【整租】罗店 宝欣苑一村 3室1厅,宝欣苑一村,2600,http://sh.58.com/pinpaigongyu/26716124654266x.shtml
【整租】嘉定新城 绿洲丰怡园 2室1厅,绿洲丰怡园,3000,http://sh.58.com/pinpaigongyu/26652008878792x.shtml
【整租】罗店 宝欣苑六村 2室1厅,宝欣苑六村,2300,http://sh.58.com/pinpaigongyu/26716157835982x.shtml
【整租】浦江 滨浦五村 2室1厅,滨浦五村,3200,http://sh.58.com/pinpaigongyu/26784860912560x.shtml
【整租】上海大学 	丰宝苑 2室1厅,丰宝苑,3700,http://sh.58.com/pinpaigongyu/26871015976140x.shtml
【合租】张江 樟盛苑 3室次卧,樟盛苑,2682,http://sh.58.com/pinpaigongyu/26852917975497x.shtml
【整租】吴泾 其灵公寓 1室0厅,其灵公寓,2337,http://sh.58.com/pinpaigongyu/26852843593291x.shtml
【整租】嘉定城区 	远香舫嘉苑 2室1厅,远香舫嘉苑,2900,http://sh.58.com/pinpaigongyu/26993096258368x.shtml
【整租】嘉定城区 柳湖景庭 2室1厅,柳湖景庭,2700,http://sh.58.com/pinpaigongyu/26453101309227x.shtml
【整租】嘉定新城 远香舫嘉苑 2室1厅,远香舫嘉苑,2900,http://sh.58.com/pinpaigongyu/27003942289986x.shtml
【整租】嘉定新城 永盛公寓 1室1厅,永盛公寓,2080,http://sh.58.com/pinpaigongyu/26863590130857x.shtml
【整租】张江 万科泊寓国创店 1室1厅,万科泊寓国创店,3300,http://sh.58.com/pinpaigongyu/26971457960116x.shtml
【合租】张江 樟盛苑 3室主卧,樟盛苑,3176,http://sh.58.com/pinpaigongyu/26852926862656x.shtml
【合租】松江大学城 三湘四季花城 3室主卧,三湘四季花城,2000,http://sh.58.com/pinpaigongyu/26771757859763x.shtml
【合租】大场 祁连二村C街坊 2室次卧,祁连二村C街坊,2000,http://sh.58.com/pinpaigongyu/26671595256122x.shtml
【整租】南京东路 魔方公寓新村路店 1室1厅,魔方公寓新村路店,3600,http://sh.58.com/pinpaigongyu/27007172375228x.shtml
【整租】嘉定新城 永盛公寓 7室1厅,永盛公寓,2226,http://sh.58.com/pinpaigongyu/26852950408267x.shtml
【整租】惠南 听潮民乐苑零一坊 2室1厅,听潮民乐苑零一坊,2300,http://sh.58.com/pinpaigongyu/26467551584586x.shtml
【合租】上海大学 丰宝苑 3室主卧,丰宝苑,2000,http://sh.58.com/pinpaigongyu/26697151824201x.shtml
【整租】罗南 金丰苑北区 3室1厅,金丰苑北区,3000,http://sh.58.com/pinpaigongyu/26653321676728x.shtml
【整租】惠南 	惠康苑 3室1厅,惠康苑,2900,http://sh.58.com/pinpaigongyu/26885139899310x.shtml
【整租】桃浦 上隽嘉苑 2室1厅,上隽嘉苑,3500,http://sh.58.com/pinpaigongyu/26453194640450x.shtml
【整租】青浦新城 	新青浦花苑 2室1厅,新青浦花苑,2800,http://sh.58.com/pinpaigongyu/26940380406068x.shtml
【整租】安亭 瑞立华庭 3室1厅,瑞立华庭,3500,http://sh.58.com/pinpaigongyu/26784331980090x.shtml
【整租】浦江 魔方公寓 1室1厅,魔方公寓,2300,http://sh.58.com/pinpaigongyu/26816749503946x.shtml
【整租】张江 万科泊寓国创店 1室1厅,万科泊寓国创店,3300,http://sh.58.com/pinpaigongyu/26930204376365x.shtml
【整租】吴泾 其灵公寓 1室0厅,其灵公寓,2128,http://sh.58.com/pinpaigongyu/26453016337716x.shtml
【整租】月浦 中冶祥腾宝月花园 3室1厅,中冶祥腾宝月花园,3588,http://sh.58.com/pinpaigongyu/27005824693441x.shtml
【合租】川沙 华川家园 3室次卧,华川家园,2068,http://sh.58.com/pinpaigongyu/26908094264250x.shtml
【整租】菊园新区 怡华家园 2室1厅,怡华家园,2700,http://sh.58.com/pinpaigongyu/26486649736012x.shtml
【整租】嘉定城区 	宝菊新家园 2室1厅,宝菊新家园,2900,http://sh.58.com/pinpaigongyu/26940999230920x.shtml
【合租】真光 长征家苑 2室主卧,长征家苑,3409,http://sh.58.com/pinpaigongyu/26908195529008x.shtml
【整租】吴泾 其灵公寓 1室0厅,其灵公寓,2108,http://sh.58.com/pinpaigongyu/26453015384387x.shtml
【合租】唐镇 幸福里 3室次卧,幸福里,2251,http://sh.58.com/pinpaigongyu/26852800213967x.shtml
【整租】川沙 	华川家园 2室1厅,华川家园,3600,http://sh.58.com/pinpaigongyu/26894321839546x.shtml
【整租】泗泾 登云苑 1室1厅,登云苑,3004,http://sh.58.com/pinpaigongyu/26852845636681x.shtml
【整租】南翔 宏立瑞园 2室1厅,宏立瑞园,3500,http://sh.58.com/pinpaigongyu/26452981896258x.shtml
【整租】菊园新区 香溢璟庭 2室1厅,香溢璟庭,2700,http://sh.58.com/pinpaigongyu/26509196113841x.shtml
【合租】唐镇 幸福里 2室次卧,幸福里,2671,http://sh.58.com/pinpaigongyu/26908120057265x.shtml
【整租】罗南 金丰苑北区 2室1厅,金丰苑北区,2300,http://sh.58.com/pinpaigongyu/26495346974408x.shtml
【整租】罗南 宝欣苑七村 2室1厅,宝欣苑七村,2500,http://sh.58.com/pinpaigongyu/26584340769485x.shtml
【整租】李子园 星云经济开发区 1室0厅,星云经济开发区,3000,http://sh.58.com/pinpaigongyu/26984060427333x.shtml
【整租】吴泾 其灵公寓 1室0厅,其灵公寓,2342,http://sh.58.com/pinpaigongyu/26852832885035x.shtml
【整租】罗南 佳翔苑 3室1厅,佳翔苑,2700,http://sh.58.com/pinpaigongyu/26453126506702x.shtml
【整租】菊园新区 香溢璟庭 3室1厅,香溢璟庭,3500,http://sh.58.com/pinpaigongyu/26467564677168x.shtml
【合租】张江 樟盛苑 3室次卧,樟盛苑,3057,http://sh.58.com/pinpaigongyu/26852917226954x.shtml
【整租】吴泾 其灵公寓 1室0厅,其灵公寓,2268,http://sh.58.com/pinpaigongyu/26852835387825x.shtml
【整租】吴泾 其灵公寓 1室0厅,其灵公寓,2416,http://sh.58.com/pinpaigongyu/26852833378895x.shtml
【整租】嘉定新城 远香舫嘉苑 3室1厅,远香舫嘉苑,3700,http://sh.58.com/pinpaigongyu/26951101712953x.shtml
【整租】泗泾 新松嘉园 2室1厅,新松嘉园,3000,http://sh.58.com/pinpaigongyu/26850821109034x.shtml
【合租】惠南 惠康苑 3室次卧,惠康苑,2900,http://sh.58.com/pinpaigongyu/26851444649668x.shtml
【合租】张江 樟盛苑 3室次卧,樟盛苑,2681,http://sh.58.com/pinpaigongyu/26908197623360x.shtml
【整租】彭浦 天馨花园 3室1厅,天馨花园,4000,http://sh.58.com/pinpaigongyu/26467541710544x.shtml
【合租】万体馆 凯旋花苑 3室次卧,凯旋花苑,3114,http://sh.58.com/pinpaigongyu/26851178906446x.shtml
【整租】浦江 8号线沈杜公路魔 1室1厅,8号线沈杜公路魔,2000,http://sh.58.com/pinpaigongyu/26993800174672x.shtml
【整租】嘉定城区 香溢璟庭 3室1厅,香溢璟庭,3500,http://sh.58.com/pinpaigongyu/26453165817657x.shtml
【合租】真光 长征家苑 2室次卧,长征家苑,2868,http://sh.58.com/pinpaigongyu/26908176274107x.shtml
【整租】嘉定新城 永盛公寓 8室1厅,永盛公寓,2651,http://sh.58.com/pinpaigongyu/26852805883695x.shtml
【整租】嘉定新城 永盛公寓 7室1厅,永盛公寓,2164,http://sh.58.com/pinpaigongyu/26852950068428x.shtml
【整租】马陆 香溢璟庭 2室1厅,香溢璟庭,2700,http://sh.58.com/pinpaigongyu/26517158434374x.shtml
【整租】顾村 	好日子大家园D 3室1厅,好日子大家园D,4000,http://sh.58.com/pinpaigongyu/26785487109960x.shtml
【合租】张江 樟盛苑 2室主卧,樟盛苑,3050,http://sh.58.com/pinpaigongyu/26885978585516x.shtml
【整租】浦江 滨浦五村 2室1厅,滨浦五村,3200,http://sh.58.com/pinpaigongyu/26893640414403x.shtml
【整租】吴泾 其灵公寓 1室0厅,其灵公寓,2337,http://sh.58.com/pinpaigongyu/26852830825415x.shtml
【整租】罗店 顺驰美兰湖 2室1厅,顺驰美兰湖,2500,http://sh.58.com/pinpaigongyu/26894975838380x.shtml
【合租】周浦 御沁园 3室次卧,御沁园,2000,http://sh.58.com/pinpaigongyu/26825097713342x.shtml
【整租】罗店 佳境苑 2室1厅,佳境苑,2400,http://sh.58.com/pinpaigongyu/26785880523709x.shtml
【整租】菊园新区 清河路443弄 3室1厅,清河路443弄,4000,http://sh.58.com/pinpaigongyu/26806617058876x.shtml
【整租】月浦 新月鸿锦苑 3室1厅,新月鸿锦苑,3500,http://sh.58.com/pinpaigongyu/26973696237770x.shtml
【整租】月浦 新月鸿锦苑 3室1厅,新月鸿锦苑,3400,http://sh.58.com/pinpaigongyu/26851987287857x.shtml
【合租】泗泾 德悦苑 3室主卧,德悦苑,2030,http://sh.58.com/pinpaigongyu/26908262676265x.shtml
【整租】新客站 魔方公寓行知路店 1室1厅,魔方公寓行知路店,3000,http://sh.58.com/pinpaigongyu/26983312025919x.shtml
【合租】真光 长征家苑 2室主卧,长征家苑,2438,http://sh.58.com/pinpaigongyu/26453018756023x.shtml
【整租】惠南 惠康苑东苑 2室1厅,惠康苑东苑,2500,http://sh.58.com/pinpaigongyu/26719621964873x.shtml
【整租】周浦 御沁园 2室1厅,御沁园,3200,http://sh.58.com/pinpaigongyu/26895763721524x.shtml
【整租】惠南 彩虹雅苑 2室1厅,彩虹雅苑,2300,http://sh.58.com/pinpaigongyu/26467551210947x.shtml
【整租】嘉定城区 远香舫新苑 2室1厅,远香舫新苑,2900,http://sh.58.com/pinpaigongyu/26885032847023x.shtml
【整租】惠南 	听潮民乐苑零一 4室1厅,听潮民乐苑零一,3600,http://sh.58.com/pinpaigongyu/26797672209199x.shtml
【整租】罗店 美平苑 4室1厅,美平苑,3500,http://sh.58.com/pinpaigongyu/26852375066439x.shtml
【整租】上海大学 	聚丰景都 2室1厅,聚丰景都,3600,http://sh.58.com/pinpaigongyu/26929564237262x.shtml
【整租】浦江 魔方公寓 1室1厅,魔方公寓,2000,http://sh.58.com/pinpaigongyu/26938899215056x.shtml
【整租】吴泾 其灵公寓 1室0厅,其灵公寓,2342,http://sh.58.com/pinpaigongyu/26852838112462x.shtml
【整租】嘉定城区 	练祁佳城同盛园 2室1厅,练祁佳城同盛园,2900,http://sh.58.com/pinpaigongyu/26951929707445x.shtml
【整租】嘉定新城 永盛公寓 7室1厅,永盛公寓,2814,http://sh.58.com/pinpaigongyu/26852813341128x.shtml
【整租】菊园新区 怡华家园 3室1厅,怡华家园,3500,http://sh.58.com/pinpaigongyu/26985676560326x.shtml
【整租】吴泾 其灵公寓 1室0厅,其灵公寓,2426,http://sh.58.com/pinpaigongyu/26852830451260x.shtml
【整租】南翔 永翔佳苑 2室1厅,永翔佳苑,4000,http://sh.58.com/pinpaigongyu/26961133984326x.shtml
【整租】马陆 翔瑞新苑 2室1厅,翔瑞新苑,3500,http://sh.58.com/pinpaigongyu/26467545439695x.shtml
【整租】嘉定新城 永盛公寓 7室1厅,永盛公寓,2501,http://sh.58.com/pinpaigongyu/26852807876168x.shtml
【合租】真光 长征家苑 2室主卧,长征家苑,2788,http://sh.58.com/pinpaigongyu/26453023744685x.shtml
【整租】菊园新区 绿洲丰怡园 3室1厅,绿洲丰怡园,3500,http://sh.58.com/pinpaigongyu/26631010466510x.shtml
【整租】嘉定新城 永盛公寓 8室1厅,永盛公寓,2651,http://sh.58.com/pinpaigongyu/26852804471245x.shtml
【整租】嘉定新城 永盛公寓 8室1厅,永盛公寓,2601,http://sh.58.com/pinpaigongyu/26852943735757x.shtml
【整租】上海大学 	聚丰景都 3室1厅,聚丰景都,4000,http://sh.58.com/pinpaigongyu/26883007553360x.shtml
【整租】南京东路 魔方公寓新村路 1室1厅,魔方公寓新村路,3700,http://sh.58.com/pinpaigongyu/27005306606794x.shtml
【整租】安亭 天工国际大厦 3室1厅,天工国际大厦,3000,http://sh.58.com/pinpaigongyu/26718969873716x.shtml
【整租】川沙 华川家园 2室1厅,华川家园,3600,http://sh.58.com/pinpaigongyu/26960326624940x.shtml
【合租】莘庄 闵富花苑 3室次卧,闵富花苑,2066,http://sh.58.com/pinpaigongyu/26929402176583x.shtml
【合租】真光 长征家苑 2室主卧,长征家苑,3483,http://sh.58.com/pinpaigongyu/26908156662068x.shtml
【整租】人民广场 筑福国际大厦 1室0厅,筑福国际大厦,2400,http://sh.58.com/pinpaigongyu/27006693037752x.shtml
【合租】黄兴 兰馨雅苑 3室主卧,兰馨雅苑,2649,http://sh.58.com/pinpaigongyu/27007353675848x.shtml
【整租】菊园新区 柳湖景庭 2室1厅,柳湖景庭,2800,http://sh.58.com/pinpaigongyu/26985225908816x.shtml
【整租】共康 共康雅苑三期 2室1厅,共康雅苑三期,3800,http://sh.58.com/pinpaigongyu/26452612284616x.shtml
【整租】浦江 魔方公寓 1室1厅,魔方公寓,2100,http://sh.58.com/pinpaigongyu/26972834143416x.shtml
【合租】唐镇 幸福里 3室主卧,幸福里,2359,http://sh.58.com/pinpaigongyu/26852803705282x.shtml
【整租】华泾 盛华景苑 1室1厅,盛华景苑,3499,http://sh.58.com/pinpaigongyu/26851425957182x.shtml
【整租】惠南 德盈佳苑 3室1厅,德盈佳苑,2900,http://sh.58.com/pinpaigongyu/26662600218052x.shtml
【整租】浦江 滨浦五村 2室1厅,滨浦五村,3200,http://sh.58.com/pinpaigongyu/26851372890299x.shtml
【整租】上海大学 丰宝苑 2室1厅,丰宝苑,3800,http://sh.58.com/pinpaigongyu/26729629583926x.shtml
【合租】真光 长征家苑 3室次卧,长征家苑,2736,http://sh.58.com/pinpaigongyu/26985497610937x.shtml
【整租】惠南 民乐城惠园 3室1厅,民乐城惠园,2800,http://sh.58.com/pinpaigongyu/26718811013675x.shtml
【整租】南翔 宏立瑞园 2室1厅,宏立瑞园,3500,http://sh.58.com/pinpaigongyu/26453186299707x.shtml
【整租】南翔 金沙湾绿地和苑 2室1厅,金沙湾绿地和苑,3300,http://sh.58.com/pinpaigongyu/26951412147894x.shtml
【整租】新闸路 筑福国际大厦 1室0厅,筑福国际大厦,2400,http://sh.58.com/pinpaigongyu/26994721670833x.shtml
【合租】泗泾 德悦苑 3室次卧,德悦苑,2062,http://sh.58.com/pinpaigongyu/26908283464501x.shtml
【整租】马陆 金沙湾绿地和苑 2室1厅,金沙湾绿地和苑,3100,http://sh.58.com/pinpaigongyu/26508622849360x.shtml
【整租】罗店 美罗家园润苑 3室1厅,美罗家园润苑,3100,http://sh.58.com/pinpaigongyu/26874688747085x.shtml
【整租】月浦 阳光美林 1室1厅,阳光美林,2800,http://sh.58.com/pinpaigongyu/26950994984391x.shtml
【整租】月浦 新城昱翠湾 3室1厅,新城昱翠湾,3600,http://sh.58.com/pinpaigongyu/26974416821695x.shtml
【整租】静安寺 魔方公寓行知路店 1室1厅,魔方公寓行知路店,3500,http://sh.58.com/pinpaigongyu/26974344737863x.shtml
【合租】张江 樟盛苑 3室次卧,樟盛苑,3025,http://sh.58.com/pinpaigongyu/26852908732749x.shtml
【整租】锦秋花园 美平苑 3室1厅,美平苑,2600,http://sh.58.com/pinpaigongyu/26467563963444x.shtml
【合租】真光 长征家苑 2室次卧,长征家苑,2963,http://sh.58.com/pinpaigongyu/26908213083316x.shtml
【整租】张江 科苑路99号 1室1厅,科苑路99号,2912,http://sh.58.com/pinpaigongyu/26995544676550x.shtml
【合租】张江 樟盛苑 3室主卧,樟盛苑,2784,http://sh.58.com/pinpaigongyu/26852933470149x.shtml
【整租】月浦 新月鸿锦苑 3室1厅,新月鸿锦苑,3600,http://sh.58.com/pinpaigongyu/27005716416068x.shtml
【整租】菊园新区 柳湖景庭 3室1厅,柳湖景庭,3700,http://sh.58.com/pinpaigongyu/26662701040436x.shtml
【整租】浦江 魔方公寓 1室1厅,魔方公寓,2100,http://sh.58.com/pinpaigongyu/26972010797775x.shtml
【整租】月浦 阳光美林 2室1厅,阳光美林,2600,http://sh.58.com/pinpaigongyu/26895516298064x.shtml
【合租】真光 长征家苑 2室主卧,长征家苑,3250,http://sh.58.com/pinpaigongyu/26908115870648x.shtml
【整租】张江 万科泊寓国创店 1室1厅,万科泊寓国创店,3300,http://sh.58.com/pinpaigongyu/26930171179337x.shtml
【整租】月浦 阳光美林 2室1厅,阳光美林,2600,http://sh.58.com/pinpaigongyu/26895516298064x.shtml
【合租】真光 长征家苑 2室主卧,长征家苑,3250,http://sh.58.com/pinpaigongyu/26908115870648x.shtml
【整租】张江 万科泊寓国创店 1室1厅,万科泊寓国创店,3300,http://sh.58.com/pinpaigongyu/26930171179337x.shtml
【整租】月浦 中冶祥腾宝月花园 3室1厅,中冶祥腾宝月花园,3400,http://sh.58.com/pinpaigongyu/27007046358072x.shtml
【整租】惠南 	听潮民乐苑零一 2室1厅,听潮民乐苑零一,2500,http://sh.58.com/pinpaigongyu/26797629851850x.shtml
【合租】东外滩 凯达苑 3室次卧,凯达苑,2851,http://sh.58.com/pinpaigongyu/27007327730227x.shtml
【整租】罗南 宝欣苑一村 1室1厅,宝欣苑一村,2000,http://sh.58.com/pinpaigongyu/26653052666559x.shtml
【整租】嘉定新城 远香舫嘉苑 3室1厅,远香舫嘉苑,3700,http://sh.58.com/pinpaigongyu/26926278583370x.shtml
【整租】青浦新城 青浦卓越商务广场 2室2厅,青浦卓越商务广场,2800,http://sh.58.com/pinpaigongyu/26794184502703x.shtml
【合租】泗泾 登云苑 2室主卧,登云苑,2191,http://sh.58.com/pinpaigongyu/26908269878955x.shtml
【合租】张江 樟盛苑 4室次卧,樟盛苑,2607,http://sh.58.com/pinpaigongyu/26908289559882x.shtml
【整租】罗店 佳翔苑 2室1厅,佳翔苑,2500,http://sh.58.com/pinpaigongyu/26895081377610x.shtml
【合租】泗泾 登云苑 2室主卧,登云苑,2114,http://sh.58.com/pinpaigongyu/26908182540740x.shtml
【整租】顾村 好日子大家园C区 2室1厅,好日子大家园C区,3600,http://sh.58.com/pinpaigongyu/26962271953199x.shtml
【整租】上海大学 丰宝苑 2室1厅,丰宝苑,3700,http://sh.58.com/pinpaigongyu/26896259626820x.shtml
【整租】嘉定新城 远香舫嘉苑 2室1厅,远香舫嘉苑,2700,http://sh.58.com/pinpaigongyu/26893652554538x.shtml
【整租】惠南 公园新村 1室1厅,公园新村,2200,http://sh.58.com/pinpaigongyu/26453195051055x.shtml
【整租】上海大学 	丰宝苑 2室1厅,丰宝苑,3800,http://sh.58.com/pinpaigongyu/26786712315437x.shtml
【整租】吴泾 其灵公寓 1室0厅,其灵公寓,2108,http://sh.58.com/pinpaigongyu/26453015624640x.shtml
【整租】吴泾 其灵公寓 1室1厅,其灵公寓,2198,http://sh.58.com/pinpaigongyu/26453014909628x.shtml
【整租】张江 科苑路99号 1室1厅,科苑路99号,2888,http://sh.58.com/pinpaigongyu/26995217064893x.shtml
【整租】嘉定城区 绿洲丰怡园 2室1厅,绿洲丰怡园,2700,http://sh.58.com/pinpaigongyu/26576364831284x.shtml
【整租】南翔 上隽嘉苑 1室1厅,上隽嘉苑,3200,http://sh.58.com/pinpaigongyu/26453156966332x.shtml
【整租】罗南 宝欣苑八村 2室1厅,宝欣苑八村,2500,http://sh.58.com/pinpaigongyu/26852231461810x.shtml
【整租】上海周边 棕榈湾花园 3室1厅,棕榈湾花园,2200,http://sh.58.com/pinpaigongyu/26475373467697x.shtml
【整租】嘉定新城 远香舫嘉苑 3室1厅,远香舫嘉苑,3600,http://sh.58.com/pinpaigongyu/27003927838156x.shtml
【整租】菊园新区 柳湖景庭 3室1厅,柳湖景庭,3300,http://sh.58.com/pinpaigongyu/26939592661567x.shtml
【整租】惠南 公园新村 2室1厅,公园新村,2500,http://sh.58.com/pinpaigongyu/26452835125802x.shtml
【整租】罗店 金丰苑 2室1厅,金丰苑,2500,http://sh.58.com/pinpaigongyu/27006678601530x.shtml
【整租】嘉定城区 天居玲珑湾 3室1厅,天居玲珑湾,3700,http://sh.58.com/pinpaigongyu/26951041139881x.shtml
【整租】徐泾 青水湾公寓 2室1厅,青水湾公寓,2600,http://sh.58.com/pinpaigongyu/26771721088169x.shtml
【整租】川沙 心圆西苑 2室1厅,心圆西苑,3900,http://sh.58.com/pinpaigongyu/26871570329670x.shtml
【整租】锦秋花园 	丰宝苑 2室1厅,丰宝苑,3800,http://sh.58.com/pinpaigongyu/26786795295567x.shtml
【整租】川沙 川北小区 2室1厅,川北小区,3600,http://sh.58.com/pinpaigongyu/26718825962445x.shtml
【整租】惠南 惠康苑 4室1厅,惠康苑,3800,http://sh.58.com/pinpaigongyu/26662710847414x.shtml
【整租】罗店 金丰苑南区 1室1厅,金丰苑南区,2000,http://sh.58.com/pinpaigongyu/26507933610060x.shtml
【整租】南翔 泰翔嘉苑 2室1厅,泰翔嘉苑,3600,http://sh.58.com/pinpaigongyu/27006207622059x.shtml
【整租】惠南 德盈佳苑 3室1厅,德盈佳苑,2600,http://sh.58.com/pinpaigongyu/26452748196301x.shtml
浦江 滨浦五村 2室1厅整租,滨浦五村,3200,http://sh.58.com/pinpaigongyu/26805180933691x.shtml
【整租】泗泾 登云苑 1室1厅,登云苑,2646,http://sh.58.com/pinpaigongyu/26852902962099x.shtml
【整租】泗泾 登云苑 1室1厅,登云苑,2646,http://sh.58.com/pinpaigongyu/26852902962099x.shtml
【整租】泗泾 登云苑 1室1厅,登云苑,2941,http://sh.58.com/pinpaigongyu/26852846251826x.shtml
【整租】嘉定新城 远香舫嘉苑 3室2厅,远香舫嘉苑,3500,http://sh.58.com/pinpaigongyu/26974164052418x.shtml
【合租】川沙 华川家园 2室主卧,华川家园,2226,http://sh.58.com/pinpaigongyu/26919139303500x.shtml
【整租】嘉定城区 远香舫新苑 2室1厅,远香舫新苑,2700,http://sh.58.com/pinpaigongyu/26467555298616x.shtml
【整租】惠南 听潮民乐苑零二坊 3室1厅,听潮民乐苑零二坊,2600,http://sh.58.com/pinpaigongyu/26453214051516x.shtml
【整租】惠南 听潮民乐苑零一坊 2室1厅,听潮民乐苑零一坊,2300,http://sh.58.com/pinpaigongyu/26467574860352x.shtml
【整租】上海大学 丰宝苑 2室1厅,丰宝苑,3800,http://sh.58.com/pinpaigongyu/26475692380355x.shtml
【合租】北新泾 新泾六村 2室主卧,新泾六村,2300,http://sh.58.com/pinpaigongyu/26473927024057x.shtml
【整租】川沙 华邦佳苑 2室1厅,华邦佳苑,3600,http://sh.58.com/pinpaigongyu/26926958290246x.shtml
【整租】华漕 爱博一村 2室1厅,爱博一村,4000,http://sh.58.com/pinpaigongyu/26773866596017x.shtml
【合租】东外滩 百兴花园 3室次卧,百兴花园,2544,http://sh.58.com/pinpaigongyu/26995816413509x.shtml
【整租】南翔 泰翔嘉苑 2室1厅,泰翔嘉苑,3400,http://sh.58.com/pinpaigongyu/26630485399990x.shtml
【整租】马陆 永翔佳苑. 2室1厅,永翔佳苑.,4000,http://sh.58.com/pinpaigongyu/26453215975481x.shtml
【整租】罗店 宝欣苑一村 2室1厅,宝欣苑一村,2500,http://sh.58.com/pinpaigongyu/26467571983278x.shtml
【整租】上海大学 美安苑 2室1厅,美安苑,2300,http://sh.58.com/pinpaigongyu/26467572238670x.shtml
【整租】吴泾 其灵公寓 1室0厅,其灵公寓,2416,http://sh.58.com/pinpaigongyu/26852827013930x.shtml
【整租】泗泾 	新凯城兰馨苑 2室1厅,新凯城兰馨苑,3000,http://sh.58.com/pinpaigongyu/26982225441332x.shtml
【整租】嘉定新城 永盛公寓 7室1厅,永盛公寓,2551,http://sh.58.com/pinpaigongyu/26852815777464x.shtml
【整租】川沙 华邦佳苑 2室1厅,华邦佳苑,2600,http://sh.58.com/pinpaigongyu/26963079007167x.shtml
【整租】吴泾 其灵公寓 1室0厅,其灵公寓,2416,http://sh.58.com/pinpaigongyu/26852828427049x.shtml
【合租】川沙 华川家园 3室次卧,华川家园,2045,http://sh.58.com/pinpaigongyu/26852789541952x.shtml
【整租】罗南 金丰苑南区 1室1厅,金丰苑南区,2000,http://sh.58.com/pinpaigongyu/26808010880691x.shtml
【整租】罗南 佳境苑 2室1厅,佳境苑,2500,http://sh.58.com/pinpaigongyu/26851068825260x.shtml
【整租】顾村 新顾村大家园C区 2室1厅,新顾村大家园C区,3300,http://sh.58.com/pinpaigongyu/26467567420745x.shtml
【整租】万里城 魔方公寓新村路店 1室1厅,魔方公寓新村路店,3800,http://sh.58.com/pinpaigongyu/27006264571202x.shtml
【合租】川沙 凯佳公寓 4室次卧,凯佳公寓,2409,http://sh.58.com/pinpaigongyu/26908118085178x.shtml
【整租】菊园新区 鼎固君庭 2室1厅,鼎固君庭,2700,http://sh.58.com/pinpaigongyu/26585611348019x.shtml
【整租】菊园新区 柳湖景庭 3室1厅,柳湖景庭,3700,http://sh.58.com/pinpaigongyu/26885004587693x.shtml
【整租】惠南 	惠益绿苑北苑 2室1厅,惠益绿苑北苑,2500,http://sh.58.com/pinpaigongyu/26885082323893x.shtml
【整租】惠南 	新松嘉园 2室1厅,新松嘉园,3200,http://sh.58.com/pinpaigongyu/27004214710326x.shtml
【合租】川沙 华川家园 2室主卧,华川家园,2283,http://sh.58.com/pinpaigongyu/26852789184711x.shtml
【整租】月浦 阳光美林 2室1厅,阳光美林,3100,http://sh.58.com/pinpaigongyu/26950889107498x.shtml
【整租】惠南 西北新村 2室1厅,西北新村,2450,http://sh.58.com/pinpaigongyu/26873447166543x.shtml
【合租】真光 长征家苑 2室次卧,长征家苑,3016,http://sh.58.com/pinpaigongyu/26908218430656x.shtml
【合租】北新泾 广友小区 3室主卧,广友小区,2300,http://sh.58.com/pinpaigongyu/26473879865411x.shtml
【合租】川沙 华川家园 2室次卧,华川家园,2158,http://sh.58.com/pinpaigongyu/26908096037946x.shtml
【整租】菊园新区 柳湖景庭 3室1厅,柳湖景庭,3300,http://sh.58.com/pinpaigongyu/26985243735869x.shtml
【整租】嘉定城区 远香舫新苑 3室1厅,远香舫新苑,3900,http://sh.58.com/pinpaigongyu/26952250494653x.shtml
【整租】罗店 美平苑 2室1厅,美平苑,2500,http://sh.58.com/pinpaigongyu/26852353804494x.shtml
【整租】罗店 美平苑 2室1厅,美平苑,2500,http://sh.58.com/pinpaigongyu/26852353804494x.shtml
【整租】吴泾 其灵公寓 1室1厅,其灵公寓,2198,http://sh.58.com/pinpaigongyu/26453045096105x.shtml
【整租】罗南 宝欣苑二村 2室1厅,宝欣苑二村,2600,http://sh.58.com/pinpaigongyu/26996073389507x.shtml
【整租】惠南 兴东佳苑 2室1厅,兴东佳苑,2600,http://sh.58.com/pinpaigongyu/26863089905740x.shtml
【合租】川沙 华川家园 3室次卧,华川家园,2070,http://sh.58.com/pinpaigongyu/26908089636663x.shtml
【整租】菊园新区 柳湖景庭 2室1厅,柳湖景庭,2700,http://sh.58.com/pinpaigongyu/26893844291405x.shtml
【合租】田林 田林八村 2室主卧,田林八村,3184,http://sh.58.com/pinpaigongyu/26851103743942x.shtml
【整租】月浦 新月鸿锦苑 3室1厅,新月鸿锦苑,3000,http://sh.58.com/pinpaigongyu/26904314632384x.shtml
【整租】菊园新区 怡华家园 3室1厅,怡华家园,3700,http://sh.58.com/pinpaigongyu/26972514501070x.shtml
【合租】张江 樟盛苑 3室主卧,樟盛苑,2200,http://sh.58.com/pinpaigongyu/26467571524275x.shtml
【整租】嘉定新城 远香舫嘉苑 3室1厅,远香舫嘉苑,3300,http://sh.58.com/pinpaigongyu/26893465910858x.shtml
【整租】人民广场 筑福国际大厦 1室0厅,筑福国际大厦,2400,http://sh.58.com/pinpaigongyu/27006404091595x.shtml
【合租】高境 恒盛豪庭 3室次卧,恒盛豪庭,2085,http://sh.58.com/pinpaigongyu/26995394449707x.shtml
【整租】浦江 魔方城市公寓 1室1厅,魔方城市公寓,2300,http://sh.58.com/pinpaigongyu/26972865573689x.shtml
【合租】五角场 国定路700弄 3室次卧,国定路700弄,2848,http://sh.58.com/pinpaigongyu/27007433865798x.shtml
【合租】航华 七韵美地苑 3室主卧,七韵美地苑,2147,http://sh.58.com/pinpaigongyu/26929515820735x.shtml
【整租】罗店 美罗家园润苑 3室1厅,美罗家园润苑,3100,http://sh.58.com/pinpaigongyu/26895032142913x.shtml
【整租】嘉定新城 永盛公寓 8室1厅,永盛公寓,3550,http://sh.58.com/pinpaigongyu/26963376179276x.shtml
【整租】江湾 筑福国际大厦 1室0厅,筑福国际大厦,2400,http://sh.58.com/pinpaigongyu/26994736280394x.shtml
【合租】真光 长征家苑 3室次卧,长征家苑,2608,http://sh.58.com/pinpaigongyu/26908184500265x.shtml
【整租】顾村 金丰苑南区 1室1厅,金丰苑南区,2000,http://sh.58.com/pinpaigongyu/26485620305850x.shtml
【整租】南翔 宏立瑞园 2室1厅,宏立瑞园,3500,http://sh.58.com/pinpaigongyu/26453145663159x.shtml
【整租】静安新城 凯虹大厦 1室0厅,凯虹大厦,3700,http://sh.58.com/pinpaigongyu/26452921529039x.shtml
【合租】五角场 清华苑 3室次卧,清华苑,2596,http://sh.58.com/pinpaigongyu/27007381224622x.shtml
【整租】马陆 	金沙湾绿地和苑 2室1厅,金沙湾绿地和苑,3200,http://sh.58.com/pinpaigongyu/26863714978994x.shtml
【整租】上海大学 丰宝苑 2室1厅,丰宝苑,3700,http://sh.58.com/pinpaigongyu/26771552218576x.shtml
【整租】杨行 天馨花园 3室1厅,天馨花园,4000,http://sh.58.com/pinpaigongyu/26467549068591x.shtml
【整租】上海大学 丰宝苑 2室1厅,丰宝苑,4000,http://sh.58.com/pinpaigongyu/26628031723945x.shtml
【整租】马陆 金沙湾绿地和苑 2室1厅,金沙湾绿地和苑,3200,http://sh.58.com/pinpaigongyu/26574981142956x.shtml
【整租】菊园新区 绿洲丰怡园 2室1厅,绿洲丰怡园,2700,http://sh.58.com/pinpaigongyu/26467555589170x.shtml
【整租】罗店 美罗家园润苑 1室1厅,美罗家园润苑,2000,http://sh.58.com/pinpaigongyu/26716131910826x.shtml
【整租】泗泾 德悦苑 2室1厅,德悦苑,3100,http://sh.58.com/pinpaigongyu/26885087363889x.shtml
【整租】罗店 宝欣苑二村 3室1厅,宝欣苑二村,3200,http://sh.58.com/pinpaigongyu/27004699395634x.shtml
【整租】打浦桥 友谊路2699号 1室0厅,友谊路2699号,2400,http://sh.58.com/pinpaigongyu/26915437116361x.shtml
【整租】吴泾 其灵公寓 1室1厅,其灵公寓,2198,http://sh.58.com/pinpaigongyu/26453015064528x.shtml
【整租】青浦新城 佳福雅苑六区 3室1厅,佳福雅苑六区,3000,http://sh.58.com/pinpaigongyu/26794071748017x.shtml
【整租】月浦 	中冶祥腾宝月花 3室1厅,中冶祥腾宝月花,3400,http://sh.58.com/pinpaigongyu/26952281906372x.shtml
【整租】吴泾 其灵公寓 1室0厅,其灵公寓,2269,http://sh.58.com/pinpaigongyu/26852831696837x.shtml
【整租】惠南 伊顿公馆 3室1厅,伊顿公馆,2700,http://sh.58.com/pinpaigongyu/26653495710131x.shtml
【整租】锦秋花园 金丰苑南区 1室1厅,金丰苑南区,2000,http://sh.58.com/pinpaigongyu/26485708359368x.shtml
【合租】真光 长征家苑 3室次卧,长征家苑,2707,http://sh.58.com/pinpaigongyu/26908217869500x.shtml
【整租】惠南 彩虹雅苑 3室1厅,彩虹雅苑,3500,http://sh.58.com/pinpaigongyu/26807079222607x.shtml
【合租】川沙 华川家园 3室次卧,华川家园,2062,http://sh.58.com/pinpaigongyu/26908086930228x.shtml
【整租】南翔 红翔小区 2室1厅,红翔小区,3500,http://sh.58.com/pinpaigongyu/26895869943488x.shtml
【整租】高行 东五小区 1室1厅,东五小区,3900,http://sh.58.com/pinpaigongyu/26697233803461x.shtml
【整租】惠南 	德盈佳苑 3室1厅,德盈佳苑,3500,http://sh.58.com/pinpaigongyu/27004034092851x.shtml
【整租】吴泾 其灵公寓 1室0厅,其灵公寓,2128,http://sh.58.com/pinpaigongyu/26453015303086x.shtml
【整租】上海大学 丰宝苑 2室1厅,丰宝苑,3700,http://sh.58.com/pinpaigongyu/26860242339022x.shtml
【整租】罗店 金丰苑南区 2室1厅,金丰苑南区,2900,http://sh.58.com/pinpaigongyu/26986214655412x.shtml
【整租】华漕 爱博四村 2室1厅,爱博四村,3800,http://sh.58.com/pinpaigongyu/26773862358205x.shtml
【整租】罗南 金丰苑北区 2室1厅,金丰苑北区,2300,http://sh.58.com/pinpaigongyu/26467575713084x.shtml
【整租】嘉定城区 保利天鹅语 2室1厅,保利天鹅语,2700,http://sh.58.com/pinpaigongyu/26467582403919x.shtml
【整租】惠南 惠康苑 2室1厅,惠康苑,2500,http://sh.58.com/pinpaigongyu/26863163199175x.shtml
【整租】新闸路 友谊路2699号 1室1厅,友谊路2699号,3700,http://sh.58.com/pinpaigongyu/26915346373440x.shtml
【合租】宝山 上大阳光乾清园 3室次卧,上大阳光乾清园,2092,http://sh.58.com/pinpaigongyu/26467553103922x.shtml
【整租】惠南 听潮民乐苑零一坊 1室1厅,听潮民乐苑零一坊,2000,http://sh.58.com/pinpaigongyu/26467548677437x.shtml
【整租】嘉定城区 	远香舫嘉苑 3室1厅,远香舫嘉苑,4000,http://sh.58.com/pinpaigongyu/26993252007352x.shtml
【整租】嘉定新城 永盛公寓 7室1厅,永盛公寓,2501,http://sh.58.com/pinpaigongyu/26852806908723x.shtml
【整租】嘉定城区 鼎固君庭 2室1厅,鼎固君庭,3000,http://sh.58.com/pinpaigongyu/26807620907308x.shtml
【整租】马陆 金沙湾绿地和苑 2室1厅,金沙湾绿地和苑,3100,http://sh.58.com/pinpaigongyu/26574884713803x.shtml
【整租】嘉定城区 鼎固君庭 2室1厅,鼎固君庭,3000,http://sh.58.com/pinpaigongyu/26807620907308x.shtml
【整租】马陆 金沙湾绿地和苑 2室1厅,金沙湾绿地和苑,3100,http://sh.58.com/pinpaigongyu/26574884713803x.shtml
【整租】陆家嘴 筑福国际大厦 1室0厅,筑福国际大厦,3700,http://sh.58.com/pinpaigongyu/26994914243267x.shtml
【整租】惠南 惠益绿苑北苑 2室1厅,惠益绿苑北苑,2300,http://sh.58.com/pinpaigongyu/26467577926476x.shtml
【整租】罗店 美罗家园润苑 3室1厅,美罗家园润苑,3000,http://sh.58.com/pinpaigongyu/26851114572745x.shtml
【整租】菊园新区 	怡华家园 3室1厅,怡华家园,3500,http://sh.58.com/pinpaigongyu/26730632801860x.shtml
【整租】南翔 泰翔嘉苑 2室1厅,泰翔嘉苑,4000,http://sh.58.com/pinpaigongyu/26467550039607x.shtml
【整租】江桥新城 嘉星小区 2室1厅,嘉星小区,2700,http://sh.58.com/pinpaigongyu/26486846225705x.shtml
【合租】浦东 康桥老街 12室次卧,康桥老街,2300,http://sh.58.com/pinpaigongyu/26460133694259x.shtml
【整租】嘉定新城 永盛公寓 7室1厅,永盛公寓,2626,http://sh.58.com/pinpaigongyu/26852807555883x.shtml
【整租】菊园新区 绿洲丰怡园 3室1厅,绿洲丰怡园,3500,http://sh.58.com/pinpaigongyu/26639101924428x.shtml
【合租】张江 樟盛苑 3室主卧,樟盛苑,2641,http://sh.58.com/pinpaigongyu/26852939840197x.shtml
【整租】嘉定城区 绿洲丰怡园 3室1厅,绿洲丰怡园,3500,http://sh.58.com/pinpaigongyu/26486733588415x.shtml
【整租】惠南 西北新村 3室1厅,西北新村,3000,http://sh.58.com/pinpaigongyu/26894308734529x.shtml
【整租】月浦 阳光美林 2室1厅,阳光美林,3300,http://sh.58.com/pinpaigongyu/26895463080652x.shtml
【整租】马陆 金沙湾绿地和苑 2室1厅,金沙湾绿地和苑,3200,http://sh.58.com/pinpaigongyu/26860654446658x.shtml
【整租】顾村 宝欣苑一村 2室1厅,宝欣苑一村,2500,http://sh.58.com/pinpaigongyu/26467581536177x.shtml
【合租】真光 长征家苑 2室主卧,长征家苑,3349,http://sh.58.com/pinpaigongyu/26908219981381x.shtml
【整租】桃浦 永翔佳苑 2室1厅,永翔佳苑,4000,http://sh.58.com/pinpaigongyu/26453217526702x.shtml
【整租】吴泾 其灵公寓 1室1厅,其灵公寓,2914,http://sh.58.com/pinpaigongyu/26852824070463x.shtml
【整租】吴泾 其灵公寓 1室1厅,其灵公寓,2914,http://sh.58.com/pinpaigongyu/26852824070463x.shtml
【整租】嘉定城区 远香舫新苑 3室1厅,远香舫新苑,3700,http://sh.58.com/pinpaigongyu/26972505802568x.shtml
【合租】泗泾 登云苑 2室主卧,登云苑,2058,http://sh.58.com/pinpaigongyu/26453018981165x.shtml
【整租】菊园新区 柳湖景庭 3室1厅,柳湖景庭,3700,http://sh.58.com/pinpaigongyu/26697263104317x.shtml
【整租】南翔 利翔公寓 2室1厅,利翔公寓,3600,http://sh.58.com/pinpaigongyu/26895724465740x.shtml
【整租】上海大学 丰宝苑 2室1厅,丰宝苑,4000,http://sh.58.com/pinpaigongyu/26642738175420x.shtml
【整租】川沙 华邦佳苑 2室1厅,华邦佳苑,3600,http://sh.58.com/pinpaigongyu/26951580187960x.shtml
【整租】泗泾 新南丽都 3室1厅,新南丽都,3000,http://sh.58.com/pinpaigongyu/26797732907187x.shtml
【整租】上海大学 美罗家园润苑 3室1厅,美罗家园润苑,2600,http://sh.58.com/pinpaigongyu/26694931053999x.shtml
【整租】惠南 民乐城惠益新苑（ 2室1厅,民乐城惠益新苑（,2500,http://sh.58.com/pinpaigongyu/26642852804777x.shtml
【整租】月浦 新月鸿锦苑 3室1厅,新月鸿锦苑,3500,http://sh.58.com/pinpaigongyu/26718786620209x.shtml
【整租】泗泾 登云苑 1室1厅,登云苑,2662,http://sh.58.com/pinpaigongyu/26852823304517x.shtml
【整租】月浦 新城昱翠湾 3室1厅,新城昱翠湾,3400,http://sh.58.com/pinpaigongyu/26974367435445x.shtml
【整租】大宁路 魔方公寓行知路店 1室1厅,魔方公寓行知路店,3500,http://sh.58.com/pinpaigongyu/26983404594864x.shtml
【合租】泗泾 登云苑 2室主卧,登云苑,2028,http://sh.58.com/pinpaigongyu/26467572530221x.shtml
【合租】泗泾 登云苑 2室主卧,登云苑,2169,http://sh.58.com/pinpaigongyu/26908296560075x.shtml
【合租】江桥新城 嘉怡坊 4室次卧,嘉怡坊,2117,http://sh.58.com/pinpaigongyu/26852794787664x.shtml
【合租】华东理工 徐汇秀水苑 3室次卧,徐汇秀水苑,2700,http://sh.58.com/pinpaigongyu/26959918522287x.shtml
【整租】惠南 	民乐城惠益新苑 2室1厅,民乐城惠益新苑,2500,http://sh.58.com/pinpaigongyu/26939832631626x.shtml
【合租】大场 保利叶之林 3室主卧,保利叶之林,2000,http://sh.58.com/pinpaigongyu/26860718903758x.shtml
【整租】万里城 魔方公寓新村路店 1室1厅,魔方公寓新村路店,3600,http://sh.58.com/pinpaigongyu/27007206872907x.shtml
【整租】通河新村 天馨花园 3室1厅,天馨花园,4000,http://sh.58.com/pinpaigongyu/26467550806466x.shtml
【整租】罗店 美罗家园润苑 3室1厅,美罗家园润苑,3200,http://sh.58.com/pinpaigongyu/26983576207032x.shtml
【整租】吴泾 其灵公寓 1室0厅,其灵公寓,2393,http://sh.58.com/pinpaigongyu/26852841759811x.shtml
【合租】川沙 华川家园 3室次卧,华川家园,2058,http://sh.58.com/pinpaigongyu/26852784947388x.shtml
【整租】惠南 金汇广场二期 3室1厅,金汇广场二期,3500,http://sh.58.com/pinpaigongyu/26467543809221x.shtml
【合租】张江 樟盛苑 3室次卧,樟盛苑,2580,http://sh.58.com/pinpaigongyu/26885980105146x.shtml
【整租】浦江 魔方公寓昌林店 1室1厅,魔方公寓昌林店,2200,http://sh.58.com/pinpaigongyu/26985373366087x.shtml
【整租】惠南 惠益绿苑北苑 3室1厅,惠益绿苑北苑,3000,http://sh.58.com/pinpaigongyu/26467580004413x.shtml
【整租】川沙 华川家园 2室1厅,华川家园,3900,http://sh.58.com/pinpaigongyu/26871541270835x.shtml
【整租】嘉定新城 清水颐园 3室1厅,清水颐园,4000,http://sh.58.com/pinpaigongyu/26587665807918x.shtml
【整租】上海大学 聚丰景都 2室1厅,聚丰景都,4000,http://sh.58.com/pinpaigongyu/26641749278655x.shtml
【整租】吴泾 其灵公寓 1室0厅,其灵公寓,2333,http://sh.58.com/pinpaigongyu/26852837231302x.shtml
【整租】惠南 彩虹雅苑 3室1厅,彩虹雅苑,2700,http://sh.58.com/pinpaigongyu/26719700709823x.shtml
【整租】马陆 金沙湾绿地和苑 2室1厅,金沙湾绿地和苑,3500,http://sh.58.com/pinpaigongyu/26708227102642x.shtml
【合租】江桥新城 嘉怡坊 3室次卧,嘉怡坊,2222,http://sh.58.com/pinpaigongyu/26908103292606x.shtml
【整租】长风公园 星云经济开发区 1室0厅,星云经济开发区,3300,http://sh.58.com/pinpaigongyu/26985154986564x.shtml
【合租】张江 樟盛苑 3室次卧,樟盛苑,2671,http://sh.58.com/pinpaigongyu/26885979322165x.shtml
【合租】泗泾 登云苑 2室主卧,登云苑,2202,http://sh.58.com/pinpaigongyu/26908154963522x.shtml
【整租】惠南 伊顿公馆 3室1厅,伊顿公馆,2600,http://sh.58.com/pinpaigongyu/26653515613773x.shtml
【合租】真光 长征家苑 2室主卧,长征家苑,3279,http://sh.58.com/pinpaigongyu/26908189302975x.shtml
【整租】嘉定城区 柳湖景庭 3室1厅,柳湖景庭,3600,http://sh.58.com/pinpaigongyu/26719641956659x.shtml
【整租】罗店 金丰苑北区 1室1厅,金丰苑北区,2000,http://sh.58.com/pinpaigongyu/26498257335108x.shtml
【整租】青浦新城 庆丰新村 3室1厅,庆丰新村,3300,http://sh.58.com/pinpaigongyu/26719646366157x.shtml
【整租】马陆 金沙湾绿地和苑 2室1厅,金沙湾绿地和苑,3100,http://sh.58.com/pinpaigongyu/26509897957552x.shtml
【合租】田林 兆丰虹桥公寓 4室次卧,兆丰虹桥公寓,2889,http://sh.58.com/pinpaigongyu/26851006124623x.shtml
【整租】嘉定城区 	远香舫新苑 2室1厅,远香舫新苑,2900,http://sh.58.com/pinpaigongyu/26926811469392x.shtml
【整租】菊园新区 柳湖景庭 2室1厅,柳湖景庭,2900,http://sh.58.com/pinpaigongyu/26661482547772x.shtml
【整租】吴泾 其灵公寓 1室0厅,其灵公寓,2149,http://sh.58.com/pinpaigongyu/26885966349247x.shtml
【整租】罗店 	宝欣苑二村 3室1厅,宝欣苑二村,3200,http://sh.58.com/pinpaigongyu/27006111246523x.shtml
【整租】惠南 惠康苑 4室1厅,惠康苑,3600,http://sh.58.com/pinpaigongyu/26863245260993x.shtml
【整租】静安寺 星云经济区 1室0厅,星云经济区,3300,http://sh.58.com/pinpaigongyu/26985434435132x.shtml
【整租】吴泾 其灵公寓 2室1厅,其灵公寓,3250,http://sh.58.com/pinpaigongyu/26885964476608x.shtml
【合租】川沙 华川家园 2室主卧,华川家园,2320,http://sh.58.com/pinpaigongyu/26852785696964x.shtml
【整租】泗泾 登云苑 1室1厅,登云苑,3012,http://sh.58.com/pinpaigongyu/26852923037648x.shtml
【整租】曹路 星晓家园 1室1厅,星晓家园,3700,http://sh.58.com/pinpaigongyu/26805289454133x.shtml
【整租】张江 万科泊寓国创店 1室1厅,万科泊寓国创店,3300,http://sh.58.com/pinpaigongyu/26971425652296x.shtml
【合租】泗泾 登云苑 2室次卧,登云苑,2243,http://sh.58.com/pinpaigongyu/26852920194485x.shtml
【整租】顾村 盛宅一村 3室1厅,盛宅一村,4000,http://sh.58.com/pinpaigongyu/26452753511238x.shtml
【整租】罗店 佳翔苑 2室1厅,佳翔苑,2500,http://sh.58.com/pinpaigongyu/26983627589038x.shtml
【整租】顾村 盛宅一村 3室1厅,盛宅一村,4000,http://sh.58.com/pinpaigongyu/26452753511238x.shtml
【整租】罗店 佳翔苑 2室1厅,佳翔苑,2500,http://sh.58.com/pinpaigongyu/26983627589038x.shtml
【合租】张江 樟盛苑 3室主卧,樟盛苑,2450,http://sh.58.com/pinpaigongyu/26467580651853x.shtml
【整租】罗店 罗贤苑 3室1厅,罗贤苑,3200,http://sh.58.com/pinpaigongyu/26960076497968x.shtml
【整租】惠南 听潮民乐苑零二坊 2室1厅,听潮民乐苑零二坊,2300,http://sh.58.com/pinpaigongyu/26452972742207x.shtml
【合租】唐镇 幸福里 3室次卧,幸福里,2267,http://sh.58.com/pinpaigongyu/26852816733644x.shtml
【整租】卢湾周边 筑福国际大厦 1室1厅,筑福国际大厦,3500,http://sh.58.com/pinpaigongyu/26996064368590x.shtml
【整租】青浦新城 	新青浦花苑 3室1厅,新青浦花苑,3300,http://sh.58.com/pinpaigongyu/26940443489331x.shtml
【合租】江桥新城 嘉怡坊 3室次卧,嘉怡坊,2259,http://sh.58.com/pinpaigongyu/26908091052083x.shtml
【整租】泗泾 德悦苑 1室1厅,德悦苑,2526,http://sh.58.com/pinpaigongyu/26852935551180x.shtml
【合租】张江 樟盛苑 2室主卧,樟盛苑,3038,http://sh.58.com/pinpaigongyu/26467548236363x.shtml
【整租】周浦 繁荣华庭 2室1厅,繁荣华庭,3500,http://sh.58.com/pinpaigongyu/26940935392704x.shtml
【整租】菊园新区 柳湖景庭 2室1厅,柳湖景庭,2900,http://sh.58.com/pinpaigongyu/26884955711548x.shtml
【合租】五角场 政立路545弄小 3室主卧,政立路545弄小,2377,http://sh.58.com/pinpaigongyu/26995842209457x.shtml
【整租】菊园新区 柳湖景庭 3室1厅,柳湖景庭,3700,http://sh.58.com/pinpaigongyu/26926508492878x.shtml
【整租】月浦 新月鸿锦苑 3室1厅,新月鸿锦苑,3200,http://sh.58.com/pinpaigongyu/26697105879499x.shtml
【整租】惠南 	惠康苑东苑 3室1厅,惠康苑东苑,3000,http://sh.58.com/pinpaigongyu/26995124112057x.shtml
【整租】上海大学 	聚丰景都 2室1厅,聚丰景都,3900,http://sh.58.com/pinpaigongyu/26996477378237x.shtml
【整租】月浦 新月鸿锦苑 3室1厅,新月鸿锦苑,3400,http://sh.58.com/pinpaigongyu/26885547483592x.shtml
【整租】吴泾 其灵公寓 2室1厅,其灵公寓,3242,http://sh.58.com/pinpaigongyu/26908160105665x.shtml
【整租】江桥新城 嘉怡坊小区 2室1厅,嘉怡坊小区,3000,http://sh.58.com/pinpaigongyu/26452959735353x.shtml
【合租】嘉定新城 永盛公寓 7室主卧,永盛公寓,2351,http://sh.58.com/pinpaigongyu/26852943059388x.shtml
【整租】吴泾 其灵公寓 1室0厅,其灵公寓,2268,http://sh.58.com/pinpaigongyu/26852829281329x.shtml
【整租】周浦 汇福家园安康里 2室1厅,汇福家园安康里,2700,http://sh.58.com/pinpaigongyu/26473461291456x.shtml
【合租】月浦 阳光美林 3室主卧,阳光美林,3300,http://sh.58.com/pinpaigongyu/26951017121215x.shtml
【整租】月浦 新月鸿锦苑 3室1厅,新月鸿锦苑,3600,http://sh.58.com/pinpaigongyu/26852004283975x.shtml
【整租】浦江 8号线沈杜公路魔 1室1厅,8号线沈杜公路魔,2100,http://sh.58.com/pinpaigongyu/26996986800455x.shtml
【整租】惠南 公园新村 2室1厅,公园新村,2200,http://sh.58.com/pinpaigongyu/26467569279550x.shtml
【整租】罗店 宝欣苑一村 2室1厅,宝欣苑一村,2300,http://sh.58.com/pinpaigongyu/26486926636478x.shtml
【合租】凉城 星苑小区 3室次卧,星苑小区,2588,http://sh.58.com/pinpaigongyu/26863668452044x.shtml
【整租】惠南 金汇广场 3室1厅,金汇广场,2600,http://sh.58.com/pinpaigongyu/26452917138993x.shtml
【整租】徐家汇 星云经济区 1室0厅,星云经济区,3300,http://sh.58.com/pinpaigongyu/26985206539082x.shtml
【整租】惠南 听潮民乐苑零一坊 3室1厅,听潮民乐苑零一坊,2600,http://sh.58.com/pinpaigongyu/26467550075452x.shtml
【整租】嘉定新城 怡华家园 3室1厅,怡华家园,3500,http://sh.58.com/pinpaigongyu/26518216015787x.shtml
【整租】吴泾 其灵公寓 1室0厅,其灵公寓,2416,http://sh.58.com/pinpaigongyu/26852840824528x.shtml
【整租】泗泾 新松嘉园 2室1厅,新松嘉园,3000,http://sh.58.com/pinpaigongyu/27005470766776x.shtml
【整租】共康 共康雅苑二期 2室1厅,共康雅苑二期,3900,http://sh.58.com/pinpaigongyu/26631151881145x.shtml
【整租】月浦 新城昱翠湾 3室1厅,新城昱翠湾,3100,http://sh.58.com/pinpaigongyu/26872780708915x.shtml
【合租】真光 长征家苑 2室次卧,长征家苑,2925,http://sh.58.com/pinpaigongyu/26908153823811x.shtml
【整租】南京西路 魔方公寓新村路店 1室1厅,魔方公寓新村路店,3800,http://sh.58.com/pinpaigongyu/27007183124283x.shtml
【整租】罗店 宝欣苑一村 3室1厅,宝欣苑一村,3200,http://sh.58.com/pinpaigongyu/26928132201651x.shtml
【整租】浦江 滨浦九村 2室1厅,滨浦九村,3200,http://sh.58.com/pinpaigongyu/26817554350015x.shtml
【整租】罗店 美平苑 3室1厅,美平苑,2900,http://sh.58.com/pinpaigongyu/26852329495853x.shtml
【整租】罗南 金丰苑南区 1室1厅,金丰苑南区,2000,http://sh.58.com/pinpaigongyu/26507939538756x.shtml
【合租】嘉定新城 远香舫嘉苑 3室主卧,远香舫嘉苑,3600,http://sh.58.com/pinpaigongyu/27006779614920x.shtml
【整租】吴泾 其灵公寓 1室1厅,其灵公寓,2258,http://sh.58.com/pinpaigongyu/26453044758719x.shtml
【合租】真光 长征家苑 2室次卧,长征家苑,2838,http://sh.58.com/pinpaigongyu/26908115228341x.shtml
【整租】吴泾 其灵公寓 1室0厅,其灵公寓,2108,http://sh.58.com/pinpaigongyu/26453015577935x.shtml
【整租】浦江 魔方公寓 1室1厅,魔方公寓,2300,http://sh.58.com/pinpaigongyu/26939013628470x.shtml
【整租】长风公园 星云经济开发区 1室0厅,星云经济开发区,3000,http://sh.58.com/pinpaigongyu/26984438524752x.shtml
【整租】锦秋花园 丰宝苑 2室1厅,丰宝苑,4000,http://sh.58.com/pinpaigongyu/26642658976839x.shtml
【整租】吴泾 其灵公寓 1室1厅,其灵公寓,2198,http://sh.58.com/pinpaigongyu/26453044809930x.shtml
【整租】马陆 金沙湾绿地和苑 2室1厅,金沙湾绿地和苑,3300,http://sh.58.com/pinpaigongyu/26697129851469x.shtml
【整租】青浦新城 	新青浦花苑 3室1厅,新青浦花苑,3000,http://sh.58.com/pinpaigongyu/26796690774606x.shtml
【整租】南翔 泰翔嘉苑 1室1厅,泰翔嘉苑,3300,http://sh.58.com/pinpaigongyu/26484354653245x.shtml
【整租】浦江 魔方公寓 1室1厅,魔方公寓,2100,http://sh.58.com/pinpaigongyu/26938927226703x.shtml
【合租】真光 长征家苑 2室次卧,长征家苑,3017,http://sh.58.com/pinpaigongyu/26908217055028x.shtml
【整租】周浦 康桥老街公寓 1室1厅,康桥老街公寓,2200,http://sh.58.com/pinpaigongyu/26818087198793x.shtml
【合租】唐镇 幸福里 2室次卧,幸福里,2698,http://sh.58.com/pinpaigongyu/26852804136140x.shtml
【整租】江桥新城 嘉海雅苑三区 3室1厅,嘉海雅苑三区,4000,http://sh.58.com/pinpaigongyu/26771547182121x.shtml
【整租】江桥新城 嘉海雅苑三区 3室1厅,嘉海雅苑三区,4000,http://sh.58.com/pinpaigongyu/26771547182121x.shtml
【整租】菊园新区 柳湖景庭 3室1厅,柳湖景庭,3500,http://sh.58.com/pinpaigongyu/26816078776632x.shtml
【整租】吴泾 其灵公寓 1室0厅,其灵公寓,2342,http://sh.58.com/pinpaigongyu/26852827937212x.shtml
【整租】嘉定新城 绿洲丰怡园 3室1厅,绿洲丰怡园,3700,http://sh.58.com/pinpaigongyu/26716244023480x.shtml
【整租】嘉定新城 远香舫嘉苑 3室1厅,远香舫嘉苑,3700,http://sh.58.com/pinpaigongyu/27003971426731x.shtml
【整租】浦江 魔方公寓 1室1厅,魔方公寓,2000,http://sh.58.com/pinpaigongyu/27005959265724x.shtml
【整租】张江 万科泊寓国创店 1室1厅,万科泊寓国创店,3300,http://sh.58.com/pinpaigongyu/26971039305264x.shtml
【整租】江桥新城 中星海兰苑 3室1厅,中星海兰苑,4000,http://sh.58.com/pinpaigongyu/26467578729275x.shtml
【整租】嘉定新城 永盛公寓 8室1厅,永盛公寓,2501,http://sh.58.com/pinpaigongyu/26852815100474x.shtml
【合租】唐镇 幸福里 3室主卧,幸福里,2406,http://sh.58.com/pinpaigongyu/26908129563845x.shtml
【整租】锦秋花园 丰宝苑 2室1厅,丰宝苑,4000,http://sh.58.com/pinpaigongyu/26786738794167x.shtml
【整租】吴泾 其灵公寓 1室0厅,其灵公寓,2268,http://sh.58.com/pinpaigongyu/26852833862067x.shtml
【整租】罗店 佳境苑 3室1厅,佳境苑,3000,http://sh.58.com/pinpaigongyu/26719584192444x.shtml
【整租】江桥新城 水岸丽苑 3室1厅,水岸丽苑,3800,http://sh.58.com/pinpaigongyu/26452973850189x.shtml
【合租】江桥新城 嘉怡坊 3室主卧,嘉怡坊,2246,http://sh.58.com/pinpaigongyu/26908088567729x.shtml
【合租】徐家汇 玉兰花苑 3室次卧,玉兰花苑,3101,http://sh.58.com/pinpaigongyu/26849771064630x.shtml
【整租】吴泾 其灵公寓 1室0厅,其灵公寓,2417,http://sh.58.com/pinpaigongyu/26852839429327x.shtml
【合租】张江 樟盛苑 3室次卧,樟盛苑,2878,http://sh.58.com/pinpaigongyu/26851056537282x.shtml
【整租】吴泾 其灵公寓 1室1厅,其灵公寓,2841,http://sh.58.com/pinpaigongyu/26885964886717x.shtml
【整租】罗店 佳翔苑 3室1厅,佳翔苑,3100,http://sh.58.com/pinpaigongyu/26895066894394x.shtml
【整租】锦秋花园 丰宝苑 2室1厅,丰宝苑,3700,http://sh.58.com/pinpaigongyu/26860483024462x.shtml
【整租】吴泾 其灵公寓 1室0厅,其灵公寓,2128,http://sh.58.com/pinpaigongyu/26453168241705x.shtml
【整租】嘉定新城 永盛公寓 7室1厅,永盛公寓,2601,http://sh.58.com/pinpaigongyu/26852945103565x.shtml
【整租】罗店 金丰苑北区 2室1厅,金丰苑北区,2700,http://sh.58.com/pinpaigongyu/26640605387833x.shtml
【合租】张江 樟盛苑 3室次卧,樟盛苑,2564,http://sh.58.com/pinpaigongyu/26885980498754x.shtml
【整租】罗南 美兰湖颐景园 3室1厅,美兰湖颐景园,3000,http://sh.58.com/pinpaigongyu/26467564496684x.shtml
【整租】惠南 公园新村 2室1厅,公园新村,2200,http://sh.58.com/pinpaigongyu/26453142738378x.shtml
【整租】和平公园 中山北一路120 1室0厅,中山北一路120,3300,http://sh.58.com/pinpaigongyu/26453255750330x.shtml
【整租】刘行 宝欣苑一村 2室1厅,宝欣苑一村,2500,http://sh.58.com/pinpaigongyu/26467548782633x.shtml
【整租】大柏树 中山北 一路12 1室0厅,中山北,3500,http://sh.58.com/pinpaigongyu/26982648482874x.shtml
【整租】泗泾 德悦苑 2室1厅,德悦苑,3000,http://sh.58.com/pinpaigongyu/26850782843596x.shtml
【整租】嘉定新城 永盛公寓 7室1厅,永盛公寓,2551,http://sh.58.com/pinpaigongyu/26852816105287x.shtml
【整租】江湾 广灵二路317号 1室1厅,广灵二路317号,3800,http://sh.58.com/pinpaigongyu/26982794727629x.shtml
【合租】唐镇 幸福里 3室次卧,幸福里,2265,http://sh.58.com/pinpaigongyu/26908130977225x.shtml
【整租】浦江 魔方公寓 1室1厅,魔方公寓,2200,http://sh.58.com/pinpaigongyu/27005573394499x.shtml
【整租】川沙 川北小区 2室1厅,川北小区,4000,http://sh.58.com/pinpaigongyu/26782851612465x.shtml
【整租】顾村 宝欣苑一村 2室1厅,宝欣苑一村,2300,http://sh.58.com/pinpaigongyu/26486953418063x.shtml
【整租】吴泾 其灵公寓 1室0厅,其灵公寓,2416,http://sh.58.com/pinpaigongyu/26852831325743x.shtml
【整租】浦江 魔方公寓 1室1厅,魔方公寓,2000,http://sh.58.com/pinpaigongyu/26938953054399x.shtml
【整租】静安寺 魔方公寓行知路新 1室1厅,魔方公寓行知路新,4000,http://sh.58.com/pinpaigongyu/26983484308402x.shtml
【整租】新客站 魔方公寓行知路店 1室1厅,魔方公寓行知路店,3500,http://sh.58.com/pinpaigongyu/26995770842315x.shtml
【整租】罗店 美罗家园润苑 3室1厅,美罗家园润苑,3200,http://sh.58.com/pinpaigongyu/26852129759683x.shtml
【整租】嘉定城区 枫树林景苑 2室1厅,枫树林景苑,2700,http://sh.58.com/pinpaigongyu/26585903365180x.shtml
【合租】张江 樟盛苑 3室次卧,樟盛苑,2754,http://sh.58.com/pinpaigongyu/26852909828164x.shtml
【整租】嘉定城区 	远香舫嘉苑 3室1厅,远香舫嘉苑,3800,http://sh.58.com/pinpaigongyu/26993118296378x.shtml
【整租】罗南 美安苑 3室1厅,美安苑,3000,http://sh.58.com/pinpaigongyu/26940011209415x.shtml
【整租】嘉定新城 远香舫嘉苑 2室1厅,远香舫嘉苑,2800,http://sh.58.com/pinpaigongyu/27005770374059x.shtml
【合租】张江 樟盛苑 3室主卧,樟盛苑,2848,http://sh.58.com/pinpaigongyu/26467551660209x.shtml
【整租】菊园新区 柳湖景庭 3室1厅,柳湖景庭,3900,http://sh.58.com/pinpaigongyu/26771663225407x.shtml
【整租】凉城 中山北一路120 1室0厅,中山北一路120,3000,http://sh.58.com/pinpaigongyu/26452614827571x.shtml
【整租】杨行 佳翔苑 2室1厅,佳翔苑,2300,http://sh.58.com/pinpaigongyu/26452754636874x.shtml
【合租】张江 樟盛苑 2室次卧,樟盛苑,3132,http://sh.58.com/pinpaigongyu/26852925065662x.shtml
【合租】泗泾 登云苑 2室主卧,登云苑,2081,http://sh.58.com/pinpaigongyu/26908250442043x.shtml
【整租】嘉定新城 绿洲丰怡园 2室1厅,绿洲丰怡园,2700,http://sh.58.com/pinpaigongyu/26716726938433x.shtml
【整租】嘉定新城 绿洲丰怡园 2室1厅,绿洲丰怡园,2700,http://sh.58.com/pinpaigongyu/26453126565057x.shtml
【整租】地铁中山公园 星云经济区 1室0厅,星云经济区,3000,http://sh.58.com/pinpaigongyu/26985555348809x.shtml
【整租】浦江 魔方公寓 1室1厅,魔方公寓,2000,http://sh.58.com/pinpaigongyu/27005954754889x.shtml
【整租】共富新村 天馨花园 3室1厅,天馨花园,4000,http://sh.58.com/pinpaigongyu/26452977919817x.shtml
【整租】惠南 惠康苑 3室1厅,惠康苑,3000,http://sh.58.com/pinpaigongyu/26894269239760x.shtml
【整租】虹梅路 凯虹大厦 1室0厅,凯虹大厦,3850,http://sh.58.com/pinpaigongyu/26467551507137x.shtml
【整租】吴泾 其灵公寓 1室0厅,其灵公寓,2128,http://sh.58.com/pinpaigongyu/26453015664310x.shtml
【整租】吴泾 其灵公寓 1室0厅,其灵公寓,2333,http://sh.58.com/pinpaigongyu/26852827427401x.shtml
【合租】九亭 美丽星城 3室主卧,美丽星城,2100,http://sh.58.com/pinpaigongyu/26939159976633x.shtml
【整租】南翔 金沙湾绿地和苑 2室1厅,金沙湾绿地和苑,3300,http://sh.58.com/pinpaigongyu/26926648440363x.shtml
【整租】惠南 德盈佳苑 3室1厅,德盈佳苑,2600,http://sh.58.com/pinpaigongyu/26508386412340x.shtml
【合租】江桥新城 嘉海雅苑一区 3室主卧,嘉海雅苑一区,3400,http://sh.58.com/pinpaigongyu/27006337374897x.shtml
【整租】嘉定新城 远香舫嘉苑 3室1厅,远香舫嘉苑,3300,http://sh.58.com/pinpaigongyu/26961286909506x.shtml
【整租】龙柏金汇 凯虹大厦 1室0厅,凯虹大厦,3850,http://sh.58.com/pinpaigongyu/26467582628921x.shtml
【整租】惠南 富成公寓 3室1厅,富成公寓,3500,http://sh.58.com/pinpaigongyu/26651138619839x.shtml
【整租】嘉定城区 	远香舫庭苑 3室1厅,远香舫庭苑,3800,http://sh.58.com/pinpaigongyu/26963025213126x.shtml
【整租】菊园新区 柳湖景庭 3室1厅,柳湖景庭,3500,http://sh.58.com/pinpaigongyu/26467570813629x.shtml
【整租】惠南 彩虹雅苑西苑 2室1厅,彩虹雅苑西苑,2300,http://sh.58.com/pinpaigongyu/26467540066504x.shtml
【整租】张江 万科泊寓国创店· 1室1厅,万科泊寓国创店·,3300,http://sh.58.com/pinpaigongyu/26971008644270x.shtml
【合租】嘉定新城 永盛公寓 7室主卧,永盛公寓,2701,http://sh.58.com/pinpaigongyu/26852815424961x.shtml
【整租】上海大学 宝欣苑一村 2室1厅,宝欣苑一村,2300,http://sh.58.com/pinpaigongyu/26507893487661x.shtml
【合租】天山路 双流小区 3室主卧,双流小区,2800,http://sh.58.com/pinpaigongyu/26772394960316x.shtml
【合租】嘉定新城 永盛公寓 8室主卧,永盛公寓,2126,http://sh.58.com/pinpaigongyu/26852955438657x.shtml
【整租】张江 万科泊寓国创店 1室1厅,万科泊寓国创店,3300,http://sh.58.com/pinpaigongyu/26930209679037x.shtml
【整租】嘉定新城 怡华家园 3室1厅,怡华家园,3500,http://sh.58.com/pinpaigongyu/26731169195308x.shtml
【整租】马陆 金沙湾绿地和苑 2室1厅,金沙湾绿地和苑,3100,http://sh.58.com/pinpaigongyu/26639148219061x.shtml
【整租】吴泾 其灵公寓 1室0厅,其灵公寓,2241,http://sh.58.com/pinpaigongyu/26852842120393x.shtml
【整租】马陆 金沙湾绿地和苑 2室1厅,金沙湾绿地和苑,3200,http://sh.58.com/pinpaigongyu/26697301430989x.shtml
【整租】惠南 人生港湾南欧城 2室1厅,人生港湾南欧城,2300,http://sh.58.com/pinpaigongyu/26453211401152x.shtml
【整租】嘉定城区 清河路443弄 3室1厅,清河路443弄,3700,http://sh.58.com/pinpaigongyu/26884736261699x.shtml
【整租】张江 科苑路99号 1室1厅,科苑路99号,2856,http://sh.58.com/pinpaigongyu/26995167408968x.shtml
【整租】嘉定新城 永盛公寓 8室1厅,永盛公寓,2651,http://sh.58.com/pinpaigongyu/26852806197674x.shtml
【合租】张江 樟盛苑 3室次卧,樟盛苑,2888,http://sh.58.com/pinpaigongyu/26852909096774x.shtml
【整租】浦江 8号线沈杜公路 1室1厅,8号线沈杜公路,2100,http://sh.58.com/pinpaigongyu/26985312487736x.shtml
【合租】川沙 华川家园 3室主卧,华川家园,2075,http://sh.58.com/pinpaigongyu/26908092348462x.shtml
【整租】凉城 魔方城市公寓 1室1厅,魔方城市公寓,3800,http://sh.58.com/pinpaigongyu/26738362343109x.shtml
【合租】张江 樟盛苑 3室主卧,樟盛苑,2652,http://sh.58.com/pinpaigongyu/26908310915498x.shtml
【合租】顾村 好日子大家园C区 3室主卧,好日子大家园C区,2000,http://sh.58.com/pinpaigongyu/26780779330473x.shtml
【整租】曹杨 翔瑞新苑 2室1厅,翔瑞新苑,3500,http://sh.58.com/pinpaigongyu/26453200062634x.shtml
【整租】上海大学 	聚丰景都 2室1厅,聚丰景都,3800,http://sh.58.com/pinpaigongyu/26996441917648x.shtml
【整租】南翔 上隽嘉苑 2室1厅,上隽嘉苑,3500,http://sh.58.com/pinpaigongyu/26467563033679x.shtml
【整租】泗泾 新松嘉园 2室1厅,新松嘉园,3000,http://sh.58.com/pinpaigongyu/26982310299442x.shtml
【整租】吴泾 其灵公寓 1室0厅,其灵公寓,2342,http://sh.58.com/pinpaigongyu/26852837728171x.shtml
【整租】惠南 惠益绿苑北苑 2室1厅,惠益绿苑北苑,2500,http://sh.58.com/pinpaigongyu/26807896001469x.shtml
【整租】嘉定新城 永盛公寓 7室1厅,永盛公寓,2526,http://sh.58.com/pinpaigongyu/26852946347702x.shtml
【整租】嘉定城区 远香舫新苑 2室1厅,远香舫新苑,2900,http://sh.58.com/pinpaigongyu/26885060775499x.shtml
【整租】嘉定新城 永盛公寓 7室1厅,永盛公寓,2526,http://sh.58.com/pinpaigongyu/26852946347702x.shtml
【整租】嘉定城区 远香舫新苑 2室1厅,远香舫新苑,2900,http://sh.58.com/pinpaigongyu/26885060775499x.shtml
【合租】张江 樟盛苑 4室主卧,樟盛苑,2878,http://sh.58.com/pinpaigongyu/26852847296297x.shtml
【整租】人民广场 魔方公寓新村路店 1室1厅,魔方公寓新村路店,3900,http://sh.58.com/pinpaigongyu/27007175329066x.shtml
【整租】上海大学 聚丰景都 2室1厅,聚丰景都,3600,http://sh.58.com/pinpaigongyu/26860408371254x.shtml
【整租】惠南 惠益绿苑北苑 3室1厅,惠益绿苑北苑,2600,http://sh.58.com/pinpaigongyu/26467559356460x.shtml
【整租】金桥 华星小区 2室1厅,华星小区,3800,http://sh.58.com/pinpaigongyu/26882899519925x.shtml
【整租】月浦 新月鸿锦苑 3室1厅,新月鸿锦苑,3300,http://sh.58.com/pinpaigongyu/27006606353602x.shtml
【合租】川沙 凯佳公寓 3室主卧,凯佳公寓,2158,http://sh.58.com/pinpaigongyu/26453019836215x.shtml
【整租】嘉定城区 水岸丽苑 2室1厅,水岸丽苑,3000,http://sh.58.com/pinpaigongyu/26467563527594x.shtml
【整租】浦江 魔方公寓昌林店 1室1厅,魔方公寓昌林店,2000,http://sh.58.com/pinpaigongyu/27004932881227x.shtml
【整租】吴泾 其灵公寓 1室0厅,其灵公寓,2268,http://sh.58.com/pinpaigongyu/26852834238276x.shtml
【整租】罗店 佳境苑 1室1厅,佳境苑,2000,http://sh.58.com/pinpaigongyu/26719675771564x.shtml
【整租】嘉定城区 香溢璟庭 2室1厅,香溢璟庭,2700,http://sh.58.com/pinpaigongyu/26509095913020x.shtml
【整租】惠南 惠康苑 3室1厅,惠康苑,2900,http://sh.58.com/pinpaigongyu/26863223506218x.shtml
【整租】浦江 魔方公寓 1室1厅,魔方公寓,2100,http://sh.58.com/pinpaigongyu/26982290652852x.shtml
【整租】万里城 魔方公寓新村路店 1室1厅,魔方公寓新村路店,3700,http://sh.58.com/pinpaigongyu/26840685777201x.shtml
【整租】菊园新区 绿洲丰怡园 2室1厅,绿洲丰怡园,2900,http://sh.58.com/pinpaigongyu/26697115280195x.shtml
【合租】唐镇 幸福里 3室主卧,幸福里,2311,http://sh.58.com/pinpaigongyu/26908130433983x.shtml
【整租】泗泾 德悦苑 3室1厅,德悦苑,4000,http://sh.58.com/pinpaigongyu/26850917257538x.shtml
【合租】田林 体育公寓 19室次卧,体育公寓,3050,http://sh.58.com/pinpaigongyu/26460146756906x.shtml
【整租】南翔 泰翔嘉苑 2室1厅,泰翔嘉苑,3500,http://sh.58.com/pinpaigongyu/26467580110256x.shtml
【整租】曹路 	海尚东苑 2室1厅,海尚东苑,3700,http://sh.58.com/pinpaigongyu/26785952275143x.shtml
【整租】吴泾 其灵公寓 1室0厅,其灵公寓,2128,http://sh.58.com/pinpaigongyu/26453017180725x.shtml
【整租】嘉定城区 远香舫新苑 2室1厅,远香舫新苑,2900,http://sh.58.com/pinpaigongyu/26985415591978x.shtml
【整租】上海大学 美平苑 3室1厅,美平苑,2600,http://sh.58.com/pinpaigongyu/26716116968141x.shtml
【整租】张江 万科泊寓国创店 1室1厅,万科泊寓国创店,3300,http://sh.58.com/pinpaigongyu/26930198647867x.shtml
【合租】张江 樟盛苑 3室主卧,樟盛苑,3123,http://sh.58.com/pinpaigongyu/26885978185284x.shtml
【整租】惠南 惠益绿苑北苑 3室1厅,惠益绿苑北苑,3100,http://sh.58.com/pinpaigongyu/26719609272391x.shtml
【整租】罗南 宝欣苑二村 3室1厅,宝欣苑二村,3000,http://sh.58.com/pinpaigongyu/26996105725762x.shtml
【整租】惠南 公园新村 2室1厅,公园新村,2400,http://sh.58.com/pinpaigongyu/26716154763705x.shtml
【整租】顾村 宝顾佳苑 1室1厅,宝顾佳苑,3100,http://sh.58.com/pinpaigongyu/26718910481352x.shtml
【整租】张江 万科泊寓国创店 1室1厅,万科泊寓国创店,3300,http://sh.58.com/pinpaigongyu/26926413752140x.shtml
【整租】马陆 金沙湾绿地和苑 2室1厅,金沙湾绿地和苑,3100,http://sh.58.com/pinpaigongyu/26508638656189x.shtml
【整租】北外滩 筑福国际大厦 1室0厅,筑福国际大厦,2600,http://sh.58.com/pinpaigongyu/26994989703108x.shtml
【合租】桃浦 桃浦九村 2室次卧,桃浦九村,2488,http://sh.58.com/pinpaigongyu/26863677614657x.shtml
【整租】大柏树 中山北一路120 1室0厅,中山北一路120,3500,http://sh.58.com/pinpaigongyu/26982025420973x.shtml
【合租】共富新村 	天馨花园 3室主卧,天馨花园,2000,http://sh.58.com/pinpaigongyu/26874667388367x.shtml
【整租】罗店 金丰苑北区 1室1厅,金丰苑北区,2000,http://sh.58.com/pinpaigongyu/26719598257475x.shtml
【合租】张江 樟盛苑 4室次卧,樟盛苑,2872,http://sh.58.com/pinpaigongyu/26908188694086x.shtml
【整租】嘉定城区 清河路443弄 3室1厅,清河路443弄,3700,http://sh.58.com/pinpaigongyu/26926479877455x.shtml
【整租】和平公园 中山北一路120 1室0厅,中山北一路120,3100,http://sh.58.com/pinpaigongyu/26467540153131x.shtml
【整租】惠南 惠康苑 3室1厅,惠康苑,2600,http://sh.58.com/pinpaigongyu/26467557297323x.shtml
【整租】月浦 阳光美林 3室1厅,阳光美林,3400,http://sh.58.com/pinpaigongyu/26950644804938x.shtml
【整租】江桥新城 嘉海雅苑一区 3室1厅,嘉海雅苑一区,4000,http://sh.58.com/pinpaigongyu/26729621436863x.shtml
【整租】月浦 阳光美林 3室1厅,阳光美林,3700,http://sh.58.com/pinpaigongyu/26950953893814x.shtml
【整租】吴泾 其灵公寓 1室0厅,其灵公寓,2178,http://sh.58.com/pinpaigongyu/26453015427627x.shtml
【整租】江桥新城 中星海兰苑 3室1厅,中星海兰苑,3800,http://sh.58.com/pinpaigongyu/26467544409408x.shtml
【合租】泗泾 登云苑 2室次卧,登云苑,2051,http://sh.58.com/pinpaigongyu/26908119198136x.shtml
【整租】嘉定新城 香溢璟庭 3室1厅,香溢璟庭,2700,http://sh.58.com/pinpaigongyu/26509221183812x.shtml
【整租】泗泾 登云苑 1室1厅,登云苑,2988,http://sh.58.com/pinpaigongyu/26852821998154x.shtml
【合租】唐镇 幸福里 3室主卧,幸福里,2390,http://sh.58.com/pinpaigongyu/26852799882678x.shtml
【整租】静安寺 魔方公寓新村路店 1室1厅,魔方公寓新村路店,3600,http://sh.58.com/pinpaigongyu/27007177883843x.shtml
【整租】惠南 伊顿公馆 3室1厅,伊顿公馆,2700,http://sh.58.com/pinpaigongyu/26653500142275x.shtml
【整租】泗泾 登云苑 1室1厅,登云苑,2621,http://sh.58.com/pinpaigongyu/26852802913222x.shtml
【整租】上海大学 	丰宝苑 2室1厅,丰宝苑,3700,http://sh.58.com/pinpaigongyu/26851540288178x.shtml
【合租】唐镇 幸福里 2室次卧,幸福里,2699,http://sh.58.com/pinpaigongyu/26908110243128x.shtml
【整租】刘行 美安苑 3室1厅,美安苑,2600,http://sh.58.com/pinpaigongyu/26507901320878x.shtml
【整租】南翔 永翔佳苑. 2室1厅,永翔佳苑.,2900,http://sh.58.com/pinpaigongyu/26950557194547x.shtml
【合租】浦江 一品漫城 3室次卧,一品漫城,2009,http://sh.58.com/pinpaigongyu/26929649779526x.shtml
【整租】上海大学 聚丰景都 3室1厅,聚丰景都,2200,http://sh.58.com/pinpaigongyu/26860265702964x.shtml
【整租】菊园新区 怡华家园 3室1厅,怡华家园,3600,http://sh.58.com/pinpaigongyu/26973655965495x.shtml
【整租】吴泾 其灵公寓 1室0厅,其灵公寓,2416,http://sh.58.com/pinpaigongyu/26852826527045x.shtml
【合租】张江 樟盛苑 4室主卧,樟盛苑,3046,http://sh.58.com/pinpaigongyu/26852845322695x.shtml
【整租】月浦 新月鸿锦苑 3室1厅,新月鸿锦苑,3600,http://sh.58.com/pinpaigongyu/26885583001657x.shtml
【整租】青浦新城 青浦卓越商务广场 2室1厅,青浦卓越商务广场,2800,http://sh.58.com/pinpaigongyu/27006696059569x.shtml
【整租】虹梅路 凯虹大厦 1室1厅,凯虹大厦,3600,http://sh.58.com/pinpaigongyu/26987109614253x.shtml
【整租】吴泾 其灵公寓 1室0厅,其灵公寓,2241,http://sh.58.com/pinpaigongyu/26908174682932x.shtml
【整租】罗店 佳翔苑 2室1厅,佳翔苑,2300,http://sh.58.com/pinpaigongyu/26452907421381x.shtml
【整租】上海大学 金丰苑南区 1室1厅,金丰苑南区,2000,http://sh.58.com/pinpaigongyu/26507927692742x.shtml
【整租】泗泾 	新松嘉园 2室1厅,新松嘉园,3000,http://sh.58.com/pinpaigongyu/26982343448521x.shtml
【合租】田林 钦州花苑 2室主卧,钦州花苑,2960,http://sh.58.com/pinpaigongyu/26850917633069x.shtml
【整租】吴泾 其灵公寓 1室1厅,其灵公寓,2877,http://sh.58.com/pinpaigongyu/26974435148747x.shtml
【整租】菊园新区 	柳湖景庭 2室1厅,柳湖景庭,2900,http://sh.58.com/pinpaigongyu/26771778112336x.shtml
【整租】嘉定城区 嘉星小区（北门） 2室1厅,嘉星小区（北门）,2700,http://sh.58.com/pinpaigongyu/26518194857390x.shtml
【整租】江桥新城 嘉海雅苑二区 2室1厅,嘉海雅苑二区,3300,http://sh.58.com/pinpaigongyu/26716196118188x.shtml
【整租】罗店 宝欣苑 2室1厅,宝欣苑,2400,http://sh.58.com/pinpaigongyu/26968789301323x.shtml
【整租】共富新村 	和家欣苑 2室1厅,和家欣苑,3500,http://sh.58.com/pinpaigongyu/26960003584189x.shtml
【整租】嘉定新城 永盛公寓 7室1厅,永盛公寓,2814,http://sh.58.com/pinpaigongyu/26852813009482x.shtml
【合租】张江 樟盛苑 3室主卧,樟盛苑,3122,http://sh.58.com/pinpaigongyu/26852916453427x.shtml
【合租】张江 樟盛苑 3室主卧,樟盛苑,3122,http://sh.58.com/pinpaigongyu/26852916453427x.shtml
【整租】泗泾 登云苑 1室1厅,登云苑,2499,http://sh.58.com/pinpaigongyu/26852927587780x.shtml
【整租】罗店 宝欣苑二村 2室1厅,宝欣苑二村,2600,http://sh.58.com/pinpaigongyu/27004722028112x.shtml
【整租】罗店 金丰苑 2室1厅,金丰苑,2300,http://sh.58.com/pinpaigongyu/26467568772803x.shtml
【合租】洞泾 百鸟苑 2室主卧,百鸟苑,2292,http://sh.58.com/pinpaigongyu/26852822543554x.shtml
【整租】凉城 魔方公寓 1室0厅,魔方公寓,3800,http://sh.58.com/pinpaigongyu/26760125657790x.shtml
【整租】江桥新城 嘉海雅苑二区 3室1厅,嘉海雅苑二区,4000,http://sh.58.com/pinpaigongyu/26452930013879x.shtml
【整租】曹杨 翔瑞新苑 2室1厅,翔瑞新苑,3500,http://sh.58.com/pinpaigongyu/26467575821235x.shtml
【整租】川沙 华川家园 2室1厅,华川家园,3400,http://sh.58.com/pinpaigongyu/27005574350766x.shtml
【整租】嘉定新城 远香舫嘉苑 2室1厅,远香舫嘉苑,2800,http://sh.58.com/pinpaigongyu/27005668124481x.shtml
【整租】惠南 德盈佳苑 3室1厅,德盈佳苑,2700,http://sh.58.com/pinpaigongyu/26642842441793x.shtml
【整租】嘉定新城 远香舫嘉苑 3室1厅,远香舫嘉苑,3700,http://sh.58.com/pinpaigongyu/26951056912815x.shtml
【整租】南翔 泰翔嘉苑 1室1厅,泰翔嘉苑,3300,http://sh.58.com/pinpaigongyu/26719647715891x.shtml
【整租】青浦新城 庆华新村 3室1厅,庆华新村,3500,http://sh.58.com/pinpaigongyu/26453086201292x.shtml
【整租】人民广场 筑福国际大厦 1室0厅,筑福国际大厦,2500,http://sh.58.com/pinpaigongyu/27006184441680x.shtml
【合租】淞南 淞宏苑 2室次卧,淞宏苑,2318,http://sh.58.com/pinpaigongyu/26863662071745x.shtml
【合租】江桥新城 嘉怡坊 3室次卧,嘉怡坊,2108,http://sh.58.com/pinpaigongyu/26453013113004x.shtml
【整租】南翔 永翔佳苑 2室1厅,永翔佳苑,4000,http://sh.58.com/pinpaigongyu/26453213820718x.shtml
【整租】惠南 德盈佳苑 3室1厅,德盈佳苑,2600,http://sh.58.com/pinpaigongyu/26618213821488x.shtml
【整租】月浦 阳光美林 2室1厅,阳光美林,3300,http://sh.58.com/pinpaigongyu/26895396944188x.shtml
【合租】真光 长征家苑 3室次卧,长征家苑,2630,http://sh.58.com/pinpaigongyu/26908149792843x.shtml
【整租】青浦新城 祥龙小区 3室1厅,祥龙小区,3000,http://sh.58.com/pinpaigongyu/26467569607212x.shtml
【整租】惠南 德盈佳苑 4室1厅,德盈佳苑,3500,http://sh.58.com/pinpaigongyu/26807500836036x.shtml
【整租】上海大学 丰宝苑 2室1厅,丰宝苑,3700,http://sh.58.com/pinpaigongyu/26950430154560x.shtml
【合租】五角场 明月坊 3室次卧,明月坊,2412,http://sh.58.com/pinpaigongyu/26995347858997x.shtml
【合租】泗泾 登云苑 3室主卧,登云苑,2124,http://sh.58.com/pinpaigongyu/26908150984623x.shtml
【整租】大柏树 中山北一路120 1室0厅,中山北一路120,3500,http://sh.58.com/pinpaigongyu/26982114598963x.shtml
【整租】新闸路 筑福国际大厦 1室0厅,筑福国际大厦,2500,http://sh.58.com/pinpaigongyu/27006313797808x.shtml
【整租】刘行 美平苑 3室1厅,美平苑,2600,http://sh.58.com/pinpaigongyu/26467576076844x.shtml
【合租】真光 长征家苑 3室次卧,长征家苑,2919,http://sh.58.com/pinpaigongyu/26908134164018x.shtml
【整租】大柏树 中山北一路120 1室0厅,中山北一路120,3600,http://sh.58.com/pinpaigongyu/26982562731081x.shtml
【整租】惠南 彩虹雅苑西苑 2室1厅,彩虹雅苑西苑,2300,http://sh.58.com/pinpaigongyu/26463158617139x.shtml
【合租】上海大学 祁连欣苑 3室次卧,祁连欣苑,2000,http://sh.58.com/pinpaigongyu/26452911797422x.shtml
【整租】吴泾 其灵公寓 2室1厅,其灵公寓,3305,http://sh.58.com/pinpaigongyu/26952319010348x.shtml
【整租】张江 万科泊寓国创店 1室1厅,万科泊寓国创店,3300,http://sh.58.com/pinpaigongyu/26930206838193x.shtml
【整租】张江 万科泊寓国创店 1室1厅,万科泊寓国创店,3300,http://sh.58.com/pinpaigongyu/26930178644805x.shtml
【整租】罗店 金丰苑 2室1厅,金丰苑,2300,http://sh.58.com/pinpaigongyu/26862243378765x.shtml
【整租】金鹤新城 中星海兰苑 3室1厅,中星海兰苑,3800,http://sh.58.com/pinpaigongyu/26496947913392x.shtml
【合租】张江 樟盛苑 3室次卧,樟盛苑,2382,http://sh.58.com/pinpaigongyu/26852940220736x.shtml
【整租】上海大学 丰宝苑 2室1厅,丰宝苑,3700,http://sh.58.com/pinpaigongyu/26940236248781x.shtml
【整租】上海大学 乾清园 1室1厅,乾清园,2000,http://sh.58.com/pinpaigongyu/26716541470924x.shtml
【整租】浦江 魔方公寓 1室1厅,魔方公寓,2100,http://sh.58.com/pinpaigongyu/26974885630923x.shtml
【整租】罗店 宝欣苑一村 1室1厅,宝欣苑一村,2000,http://sh.58.com/pinpaigongyu/26716135288505x.shtml
【整租】吴泾 其灵公寓 1室0厅,其灵公寓,2426,http://sh.58.com/pinpaigongyu/26852825676609x.shtml
【整租】南京西路 魔方公寓新村路店 1室1厅,魔方公寓新村路店,3700,http://sh.58.com/pinpaigongyu/27007168946729x.shtml
【合租】唐镇 幸福里 2室次卧,幸福里,2790,http://sh.58.com/pinpaigongyu/26885961723571x.shtml
【合租】川沙 华川家园 4室次卧,华川家园,2002,http://sh.58.com/pinpaigongyu/26908097798862x.shtml
【整租】吴泾 其灵公寓 1室0厅,其灵公寓,2269,http://sh.58.com/pinpaigongyu/26852828809284x.shtml
【整租】金鹤新城 金沙鼎苑 3室1厅,金沙鼎苑,3800,http://sh.58.com/pinpaigongyu/26453187211052x.shtml
【合租】泗泾 登云苑 1室主卧,登云苑,2700,http://sh.58.com/pinpaigongyu/26852915398441x.shtml
【整租】嘉定城区 绿洲丰怡园 3室1厅,绿洲丰怡园,3500,http://sh.58.com/pinpaigongyu/26518277105973x.shtml
【整租】嘉定新城 永盛公寓 8室1厅,永盛公寓,2451,http://sh.58.com/pinpaigongyu/26852943404599x.shtml
【整租】锦秋花园 宝欣苑一村 2室1厅,宝欣苑一村,2500,http://sh.58.com/pinpaigongyu/26467560686541x.shtml
【整租】罗店 美罗家园润苑 2室1厅,美罗家园润苑,2600,http://sh.58.com/pinpaigongyu/26852156253760x.shtml
【整租】罗南 佳翔苑 3室1厅,佳翔苑,2800,http://sh.58.com/pinpaigongyu/26467568484011x.shtml
【整租】菊园新区 柳湖景庭 3室1厅,柳湖景庭,3200,http://sh.58.com/pinpaigongyu/26950575105865x.shtml
【合租】真光 长征家苑 2室主卧,长征家苑,2438,http://sh.58.com/pinpaigongyu/26453020076721x.shtml
【合租】张江 樟盛苑 3室主卧,樟盛苑,3162,http://sh.58.com/pinpaigongyu/26852911670076x.shtml
【整租】菊园新区 清水颐园 3室1厅,清水颐园,3500,http://sh.58.com/pinpaigongyu/26587639952463x.shtml
【整租】浦江 滨浦九村 2室1厅,滨浦九村,3000,http://sh.58.com/pinpaigongyu/26973631961266x.shtml
【合租】共富新村 康桥水都 3室主卧,康桥水都,2000,http://sh.58.com/pinpaigongyu/26771747774765x.shtml
【整租】罗店 金丰苑北区 3室1厅,金丰苑北区,3000,http://sh.58.com/pinpaigongyu/26653378312641x.shtml
【整租】共富新村 筑福国际大厦 1室0厅,筑福国际大厦,2500,http://sh.58.com/pinpaigongyu/26974073606854x.shtml
【整租】嘉定城区 远香舫新苑 2室1厅,远香舫新苑,2900,http://sh.58.com/pinpaigongyu/26885015763778x.shtml
【整租】罗店 罗贤苑 2室1厅,罗贤苑,2500,http://sh.58.com/pinpaigongyu/26985199716796x.shtml
【整租】惠南 听潮民乐苑零一坊 2室1厅,听潮民乐苑零一坊,2300,http://sh.58.com/pinpaigongyu/26453163495482x.shtml
【合租】张江 樟盛苑 3室主卧,樟盛苑,3140,http://sh.58.com/pinpaigongyu/26852891887168x.shtml
【整租】青浦新城 龙威新村 3室1厅,龙威新村,3000,http://sh.58.com/pinpaigongyu/26795186143436x.shtml
【整租】惠南 德盈佳苑 3室1厅,德盈佳苑,2600,http://sh.58.com/pinpaigongyu/26453186462263x.shtml
【整租】惠南 长城澜溪岸城 3室1厅,长城澜溪岸城,2600,http://sh.58.com/pinpaigongyu/26453153757252x.shtml
【整租】惠南 	德盈佳苑 3室1厅,德盈佳苑,3200,http://sh.58.com/pinpaigongyu/27006943076430x.shtml
【合租】泗泾 德悦苑 2室主卧,德悦苑,2111,http://sh.58.com/pinpaigongyu/26908283933500x.shtml
【整租】上海大学 聚丰景都 3室1厅,聚丰景都,3900,http://sh.58.com/pinpaigongyu/26882958939581x.shtml
【整租】菊园新区 泰翔嘉苑 2室1厅,泰翔嘉苑,3500,http://sh.58.com/pinpaigongyu/26453186070729x.shtml
【整租】安亭 玉兰二村 3室1厅,玉兰二村,3800,http://sh.58.com/pinpaigongyu/26784164447922x.shtml
【整租】罗店 宝欣苑七村 2室1厅,宝欣苑七村,2300,http://sh.58.com/pinpaigongyu/26716120953917x.shtml
【整租】吴泾 其灵公寓 1室0厅,其灵公寓,2417,http://sh.58.com/pinpaigongyu/26852841340074x.shtml
【整租】大柏树 中山北一路120 1室0厅,中山北一路120,3500,http://sh.58.com/pinpaigongyu/26982606111415x.shtml
【整租】罗店 顺驰美兰湖 3室1厅,顺驰美兰湖,3200,http://sh.58.com/pinpaigongyu/26895007174709x.shtml
【整租】嘉定城区 远香舫新苑 3室1厅,远香舫新苑,3400,http://sh.58.com/pinpaigongyu/26985376896201x.shtml
【整租】菊园新区 柳湖景庭 2室1厅,柳湖景庭,2800,http://sh.58.com/pinpaigongyu/26985315861583x.shtml
【整租】青浦周边 海天苑新村 4室1厅,海天苑新村,4000,http://sh.58.com/pinpaigongyu/27006196172841x.shtml
【整租】泗泾 登云苑 1室1厅,登云苑,2499,http://sh.58.com/pinpaigongyu/26852926465211x.shtml
【整租】嘉定新城 远香舫嘉苑 3室1厅,远香舫嘉苑,3700,http://sh.58.com/pinpaigongyu/26926291088942x.shtml
【整租】月浦 新城昱翠湾 3室1厅,新城昱翠湾,3300,http://sh.58.com/pinpaigongyu/26662557818432x.shtml
【整租】吴泾 其灵公寓 1室0厅,其灵公寓,2393,http://sh.58.com/pinpaigongyu/26852832112706x.shtml
【整租】嘉定新城 远香舫嘉苑 3室1厅,远香舫嘉苑,3300,http://sh.58.com/pinpaigongyu/26974212786615x.shtml
【整租】吴泾 其灵公寓 1室0厅,其灵公寓,2269,http://sh.58.com/pinpaigongyu/26852842617146x.shtml
【整租】惠南 金汇广场 2室1厅,金汇广场,2300,http://sh.58.com/pinpaigongyu/26467564534718x.shtml
【整租】惠南 惠益绿苑北苑 3室1厅,惠益绿苑北苑,2600,http://sh.58.com/pinpaigongyu/26453142452930x.shtml
【整租】吴泾 其灵公寓 1室0厅,其灵公寓,2288,http://sh.58.com/pinpaigongyu/26467559580470x.shtml
【整租】南京西路 筑福国际大厦 1室0厅,筑福国际大厦,2400,http://sh.58.com/pinpaigongyu/27006745603762x.shtml
【合租】唐镇 幸福里 2室次卧,幸福里,2473,http://sh.58.com/pinpaigongyu/26852800531406x.shtml
【整租】罗南 金丰苑北区 2室1厅,金丰苑北区,2300,http://sh.58.com/pinpaigongyu/26452677159751x.shtml
【整租】川沙 华川家园 2室1厅,华川家园,3600,http://sh.58.com/pinpaigongyu/26939561174335x.shtml
【整租】马陆 金沙湾绿地和苑 2室1厅,金沙湾绿地和苑,3300,http://sh.58.com/pinpaigongyu/26662804800324x.shtml
【整租】菊园新区 怡华家园 3室1厅,怡华家园,3500,http://sh.58.com/pinpaigongyu/26467574528570x.shtml
【整租】江桥新城 金鹤新城中房公寓 2室1厅,金鹤新城中房公寓,3000,http://sh.58.com/pinpaigongyu/26467550370100x.shtml
【整租】浦江 	滨浦五村 2室1厅,滨浦五村,3200,http://sh.58.com/pinpaigongyu/26786524317647x.shtml
【整租】罗店 美罗家园润苑 3室1厅,美罗家园润苑,2600,http://sh.58.com/pinpaigongyu/26716129058226x.shtml
【合租】闸北公园 和玉苑 3室次卧,和玉苑,3828,http://sh.58.com/pinpaigongyu/26863689840716x.shtml
【整租】菊园新区 	汇丰荷苑 2室1厅,汇丰荷苑,2900,http://sh.58.com/pinpaigongyu/26940651523501x.shtml
【整租】龙柏金汇 凯虹大厦 1室1厅,凯虹大厦,3600,http://sh.58.com/pinpaigongyu/26987260508476x.shtml
【整租】张江 科苑路99号 1室1厅,科苑路99号,3544,http://sh.58.com/pinpaigongyu/26996386776748x.shtml
【整租】唐镇 上浦小区 3室1厅,上浦小区,3900,http://sh.58.com/pinpaigongyu/26467554115660x.shtml
【合租】张江 樟盛苑 2室主卧,樟盛苑,3187,http://sh.58.com/pinpaigongyu/26885979719875x.shtml
【整租】龙柏金汇 凯虹大厦 1室1厅,凯虹大厦,3800,http://sh.58.com/pinpaigongyu/26987046197804x.shtml
【合租】真光 长征家苑 2室主卧,长征家苑,3338,http://sh.58.com/pinpaigongyu/26908222014148x.shtml
【整租】惠南 彩虹雅苑 3室1厅,彩虹雅苑,2500,http://sh.58.com/pinpaigongyu/26452546373944x.shtml
【合租】川沙 华川家园 2室次卧,华川家园,2129,http://sh.58.com/pinpaigongyu/26908100966446x.shtml
【整租】江桥新城 嘉海雅苑二区 2室1厅,嘉海雅苑二区,2800,http://sh.58.com/pinpaigongyu/26467577678383x.shtml
【整租】嘉定新城 远香舫嘉苑 3室1厅,远香舫嘉苑,3500,http://sh.58.com/pinpaigongyu/27005687091753x.shtml
【整租】康桥 圣鑫苑四期 2室1厅,圣鑫苑四期,3600,http://sh.58.com/pinpaigongyu/26896855971020x.shtml
【整租】万里城 魔方公寓新村路店 1室1厅,魔方公寓新村路店,3600,http://sh.58.com/pinpaigongyu/26840275171134x.shtml
【合租】张江 樟盛苑 3室次卧,樟盛苑,2391,http://sh.58.com/pinpaigongyu/26852940579392x.shtml
【整租】虹口足球场 魔方公寓 1室0厅,魔方公寓,3600,http://sh.58.com/pinpaigongyu/26727428823338x.shtml
【整租】月浦 新月鸿锦苑 3室1厅,新月鸿锦苑,3500,http://sh.58.com/pinpaigongyu/26783987422652x.shtml
【合租】泗泾 登云苑 3室次卧,登云苑,2122,http://sh.58.com/pinpaigongyu/26908293655492x.shtml
【合租】唐镇 幸福里 3室次卧,幸福里,2543,http://sh.58.com/pinpaigongyu/26852817165257x.shtml
【合租】上海大学 祁连欣苑 3室主卧,祁连欣苑,2000,http://sh.58.com/pinpaigongyu/26718377158723x.shtml
【整租】吴泾 其灵公寓 2室1厅,其灵公寓,3286,http://sh.58.com/pinpaigongyu/26919140317125x.shtml
【整租】嘉定城区 绿洲丰怡园 3室1厅,绿洲丰怡园,3500,http://sh.58.com/pinpaigongyu/26630888952517x.shtml
【整租】罗店 金丰苑北区 1室1厅,金丰苑北区,2000,http://sh.58.com/pinpaigongyu/26653125049658x.shtml
【整租】嘉定城区 远香舫新苑 3室1厅,远香舫新苑,3700,http://sh.58.com/pinpaigongyu/26885024430394x.shtml
【整租】吴泾 其灵公寓 1室0厅,其灵公寓,2338,http://sh.58.com/pinpaigongyu/26453017489986x.shtml
【整租】菊园新区 柳湖景庭 3室1厅,柳湖景庭,3300,http://sh.58.com/pinpaigongyu/26874340374706x.shtml
【整租】金沙江路 中星海上名豪苑 3室1厅,中星海上名豪苑,3800,http://sh.58.com/pinpaigongyu/26467542573112x.shtml
【整租】吴泾 其灵公寓 1室0厅,其灵公寓,2333,http://sh.58.com/pinpaigongyu/26852824554286x.shtml
【合租】泗泾 登云苑 2室次卧,登云苑,2002,http://sh.58.com/pinpaigongyu/26908198179534x.shtml
【整租】上海大学 丰宝苑 2室1厅,丰宝苑,3800,http://sh.58.com/pinpaigongyu/26860597386176x.shtml
【整租】惠南 听潮民乐苑零一坊 3室1厅,听潮民乐苑零一坊,2600,http://sh.58.com/pinpaigongyu/26467581049671x.shtml
【整租】川沙 玉宇小区 2室1厅,玉宇小区,3200,http://sh.58.com/pinpaigongyu/26453214384309x.shtml
【整租】惠南 德盈佳苑 3室1厅,德盈佳苑,2600,http://sh.58.com/pinpaigongyu/26807510627124x.shtml
【整租】惠南 宝业华庭 2室1厅,宝业华庭,2300,http://sh.58.com/pinpaigongyu/26453217040206x.shtml
【合租】真光 长征家苑 2室次卧,长征家苑,2865,http://sh.58.com/pinpaigongyu/26908185019305x.shtml
【整租】江桥新城 嘉海雅苑一区 2室1厅,嘉海雅苑一区,3400,http://sh.58.com/pinpaigongyu/26926886692415x.shtml
【整租】罗店 宝欣苑八村 2室1厅,宝欣苑八村,2500,http://sh.58.com/pinpaigongyu/26862196902069x.shtml
【整租】嘉定城区 清水颐园 3室1厅,清水颐园,3500,http://sh.58.com/pinpaigongyu/26587615573936x.shtml
【整租】月浦 新月鸿锦苑 2室1厅,新月鸿锦苑,2200,http://sh.58.com/pinpaigongyu/26486006304959x.shtml
【合租】张江 樟盛苑 3室次卧,樟盛苑,3169,http://sh.58.com/pinpaigongyu/26852926125616x.shtml
【整租】惠南 	德盈佳苑 3室1厅,德盈佳苑,3000,http://sh.58.com/pinpaigongyu/26974542442539x.shtml
【整租】菊园新区 柳湖景庭 2室1厅,柳湖景庭,2900,http://sh.58.com/pinpaigongyu/26951172497458x.shtml
【合租】川沙 华川家园 3室主卧,华川家园,2003,http://sh.58.com/pinpaigongyu/26908107811020x.shtml
【整租】上海大学 丰宝苑 2室1厅,丰宝苑,3600,http://sh.58.com/pinpaigongyu/26860450613835x.shtml
【整租】南京西路 魔方公寓行知路店 1室1厅,魔方公寓行知路店,3500,http://sh.58.com/pinpaigongyu/26995007122496x.shtml
【整租】万里城 星云经济开发区 1室0厅,星云经济开发区,3000,http://sh.58.com/pinpaigongyu/26984276980037x.shtml
【合租】北新泾 广友小区 3室次卧,广友小区,2300,http://sh.58.com/pinpaigongyu/26506575910062x.shtml
【整租】人民广场 筑福国际大厦 1室0厅,筑福国际大厦,2600,http://sh.58.com/pinpaigongyu/26983448220102x.shtml
【合租】张江 樟盛苑 3室主卧,樟盛苑,3119,http://sh.58.com/pinpaigongyu/26852917596240x.shtml
【整租】罗店 金丰苑北区 3室1厅,金丰苑北区,2700,http://sh.58.com/pinpaigongyu/26495307896885x.shtml
【整租】月浦 新城昱翠湾 3室1厅,新城昱翠湾,3000,http://sh.58.com/pinpaigongyu/26904447776686x.shtml
【合租】川沙 华川家园 2室主卧,华川家园,2237,http://sh.58.com/pinpaigongyu/26852796565554x.shtml
【整租】嘉定城区 绿洲丰怡园 2室1厅,绿洲丰怡园,2700,http://sh.58.com/pinpaigongyu/26630818997305x.shtml
【整租】惠南 听潮民乐苑零一坊 3室1厅,听潮民乐苑零一坊,3500,http://sh.58.com/pinpaigongyu/26467558015184x.shtml
【合租】泗泾 登云苑 3室主卧,登云苑,2100,http://sh.58.com/pinpaigongyu/26852863797309x.shtml
【整租】罗店 美安苑 3室1厅,美安苑,2600,http://sh.58.com/pinpaigongyu/26497090022862x.shtml
【整租】嘉定城区 绿洲丰怡园 3室1厅,绿洲丰怡园,3500,http://sh.58.com/pinpaigongyu/26467578615480x.shtml
【整租】锦秋花园 聚丰景都 2室1厅,聚丰景都,4000,http://sh.58.com/pinpaigongyu/26641838275406x.shtml
【整租】浦江 魔方公寓 1室1厅,魔方公寓,2100,http://sh.58.com/pinpaigongyu/26961678999751x.shtml
【整租】罗店 宝欣苑一村 3室1厅,宝欣苑一村,3000,http://sh.58.com/pinpaigongyu/27004789364284x.shtml
【整租】菊园新区 汇丰凯苑 3室1厅,汇丰凯苑,3500,http://sh.58.com/pinpaigongyu/26452567536848x.shtml
【整租】人民广场 魔方公寓新村路店 1室1厅,魔方公寓新村路店,3600,http://sh.58.com/pinpaigongyu/27007203441195x.shtml
【整租】漕河泾 凯虹大厦 1室1厅,凯虹大厦,3600,http://sh.58.com/pinpaigongyu/26993772980524x.shtml
【合租】金桥 海韵茗庭 3室主卧,海韵茗庭,2100,http://sh.58.com/pinpaigongyu/26475456951369x.shtml
【整租】菊园新区 柳湖景庭 3室1厅,柳湖景庭,3700,http://sh.58.com/pinpaigongyu/26951049049527x.shtml
【整租】惠南 兴东佳苑 2室1厅,兴东佳苑,2600,http://sh.58.com/pinpaigongyu/26873457969582x.shtml
【合租】张江 樟盛苑 3室次卧,樟盛苑,3068,http://sh.58.com/pinpaigongyu/26908120801477x.shtml
【整租】人民广场 魔方公寓新村路 1室1厅,魔方公寓新村路,3900,http://sh.58.com/pinpaigongyu/27005330521037x.shtml
【整租】月浦 	新月鸿锦苑 3室1厅,新月鸿锦苑,3400,http://sh.58.com/pinpaigongyu/26773632818487x.shtml
【合租】泗泾 德悦苑 2室次卧,德悦苑,2103,http://sh.58.com/pinpaigongyu/26908281023795x.shtml
【合租】川沙 凯佳公寓 4室次卧,凯佳公寓,2130,http://sh.58.com/pinpaigongyu/26963379746374x.shtml
【整租】人民广场 魔方公寓友谊路店 1室0厅,魔方公寓友谊路店,2400,http://sh.58.com/pinpaigongyu/26939791472689x.shtml
【整租】江桥新城 嘉海雅苑一区 2室1厅,嘉海雅苑一区,3400,http://sh.58.com/pinpaigongyu/26926923041346x.shtml
【整租】罗店 宝欣苑一村 3室1厅,宝欣苑一村,3200,http://sh.58.com/pinpaigongyu/26927996842161x.shtml
【合租】泗泾 登云苑 2室次卧,登云苑,2298,http://sh.58.com/pinpaigongyu/26908216584261x.shtml
【整租】嘉定新城 永盛公寓 7室1厅,永盛公寓,2651,http://sh.58.com/pinpaigongyu/26852814050617x.shtml
【整租】嘉定城区 绿洲丰怡园 3室1厅,绿洲丰怡园,3500,http://sh.58.com/pinpaigongyu/26509518205131x.shtml
【整租】惠南 惠康苑 2室1厅,惠康苑,2500,http://sh.58.com/pinpaigongyu/26718988391211x.shtml
【合租】泗泾 登云苑 2室主卧,登云苑,2021,http://sh.58.com/pinpaigongyu/26852924662061x.shtml
【整租】嘉定城区 保利天鹅语 2室1厅,保利天鹅语,2700,http://sh.58.com/pinpaigongyu/26467572418754x.shtml
【整租】嘉定城区 保利天鹅语 2室1厅,保利天鹅语,2700,http://sh.58.com/pinpaigongyu/26467572418754x.shtml
【整租】罗南 美安苑 2室1厅,美安苑,2300,http://sh.58.com/pinpaigongyu/26467552329259x.shtml
【整租】青浦新城 青浦怡田小区 3室1厅,青浦怡田小区,3100,http://sh.58.com/pinpaigongyu/27005943506369x.shtml
【整租】罗南 罗贤苑 2室1厅,罗贤苑,2300,http://sh.58.com/pinpaigongyu/26452755697459x.shtml
【合租】张江 樟盛苑 3室次卧,樟盛苑,2668,http://sh.58.com/pinpaigongyu/26852898120111x.shtml
【整租】周浦 汇福家园安康里 3室1厅,汇福家园安康里,3500,http://sh.58.com/pinpaigongyu/26718757293883x.shtml
【整租】张江 科苑路99号 1室1厅,科苑路99号,2976,http://sh.58.com/pinpaigongyu/26995247890627x.shtml
【合租】嘉定新城 远香舫嘉苑 2室主卧,远香舫嘉苑,2700,http://sh.58.com/pinpaigongyu/26961667780652x.shtml
【整租】吴泾 其灵公寓 1室0厅,其灵公寓,2342,http://sh.58.com/pinpaigongyu/26852838498611x.shtml
【整租】惠南 德盈佳苑 2室1厅,德盈佳苑,3200,http://sh.58.com/pinpaigongyu/27004353677889x.shtml
【合租】真光 长征家苑 2室主卧,长征家苑,3294,http://sh.58.com/pinpaigongyu/26996556244944x.shtml
【整租】张江 科苑路99号 1室1厅,科苑路99号,2976,http://sh.58.com/pinpaigongyu/26995775665727x.shtml
【整租】嘉定城区 	柳湖景庭 3室1厅,柳湖景庭,3900,http://sh.58.com/pinpaigongyu/26771755608246x.shtml
【整租】刘行 美兰湖颐景园 3室1厅,美兰湖颐景园,3000,http://sh.58.com/pinpaigongyu/26453144974253x.shtml
【整租】浦江 魔方公寓 1室1厅,魔方公寓,2100,http://sh.58.com/pinpaigongyu/26985538856756x.shtml
【整租】吴泾 其灵公寓 1室0厅,其灵公寓,2342,http://sh.58.com/pinpaigongyu/26852839009475x.shtml
【整租】南翔 祥源福邸 2室1厅,祥源福邸,3600,http://sh.58.com/pinpaigongyu/26895738093758x.shtml
【整租】浦江 魔方公寓 1室1厅,魔方公寓,2100,http://sh.58.com/pinpaigongyu/26905182167727x.shtml
【整租】静安寺 魔方公寓行知路新 1室1厅,魔方公寓行知路新,4000,http://sh.58.com/pinpaigongyu/26995100318131x.shtml
【合租】上海大学 聚丰景都 3室主卧,聚丰景都,2104,http://sh.58.com/pinpaigongyu/26467570665398x.shtml
【整租】浦江 魔方公寓 1室1厅,魔方公寓,2100,http://sh.58.com/pinpaigongyu/26982310814672x.shtml
【整租】和平公园 中山北一路120 1室0厅,中山北一路120,3060,http://sh.58.com/pinpaigongyu/26467544446915x.shtml
【整租】上海大学 丰宝苑 2室1厅,丰宝苑,3700,http://sh.58.com/pinpaigongyu/26871070877758x.shtml
【整租】吴泾 其灵公寓 1室0厅,其灵公寓,2128,http://sh.58.com/pinpaigongyu/26453015345985x.shtml
【整租】嘉定城区 	远香舫庭苑 2室1厅,远香舫庭苑,2800,http://sh.58.com/pinpaigongyu/26851200727874x.shtml
【整租】菊园新区 柳湖景庭 3室1厅,柳湖景庭,3700,http://sh.58.com/pinpaigongyu/26951182236609x.shtml
【整租】浦江 魔方公寓 1室1厅,魔方公寓,2100,http://sh.58.com/pinpaigongyu/27004783984958x.shtml
【整租】惠南 金汇广场 3室1厅,金汇广场,2600,http://sh.58.com/pinpaigongyu/26467575926199x.shtml
【合租】唐镇 幸福里 3室次卧,幸福里,2436,http://sh.58.com/pinpaigongyu/26852799443509x.shtml
【整租】月浦 阳光美林 3室1厅,阳光美林,3300,http://sh.58.com/pinpaigongyu/27006633189442x.shtml
【整租】金沙江路 星云经济区 1室0厅,星云经济区,3000,http://sh.58.com/pinpaigongyu/26984379216066x.shtml
【合租】泗泾 登云苑 2室主卧,登云苑,2073,http://sh.58.com/pinpaigongyu/26908154273206x.shtml
【整租】杨行 和家欣苑 3室1厅,和家欣苑,4000,http://sh.58.com/pinpaigongyu/26467560944317x.shtml
【整租】杨行 宝启花园 3室1厅,宝启花园,4000,http://sh.58.com/pinpaigongyu/26452753024944x.shtml
【整租】吴泾 其灵公寓 1室0厅,其灵公寓,2416,http://sh.58.com/pinpaigongyu/26852826121805x.shtml
【整租】南翔 金沙湾绿地和苑 3室1厅,金沙湾绿地和苑,3500,http://sh.58.com/pinpaigongyu/26452959929777x.shtml
【整租】南翔 永翔佳苑. 2室1厅,永翔佳苑.,3500,http://sh.58.com/pinpaigongyu/26484172338998x.shtml
【整租】嘉定新城 永盛公寓 7室1厅,永盛公寓,2651,http://sh.58.com/pinpaigongyu/26852813727657x.shtml
【整租】嘉定城区 中星海兰苑 2室1厅,中星海兰苑,3000,http://sh.58.com/pinpaigongyu/26507804826669x.shtml
【整租】嘉定城区 	远香舫庭苑 3室1厅,远香舫庭苑,4000,http://sh.58.com/pinpaigongyu/26772076070189x.shtml
【整租】罗店 颐景园 3室1厅,颐景园,2600,http://sh.58.com/pinpaigongyu/26452907816380x.shtml
【整租】菊园新区 柳湖景庭 2室1厅,柳湖景庭,2700,http://sh.58.com/pinpaigongyu/26941305710914x.shtml
【整租】吴泾 其灵公寓 1室0厅,其灵公寓,2128,http://sh.58.com/pinpaigongyu/26453016180529x.shtml
【整租】菊园新区 柳湖景庭 3室1厅,柳湖景庭,3500,http://sh.58.com/pinpaigongyu/26467558169414x.shtml
【合租】川沙 华川家园 3室次卧,华川家园,2044,http://sh.58.com/pinpaigongyu/26930199792709x.shtml
【整租】金桥 华星小区 2室1厅,华星小区,3900,http://sh.58.com/pinpaigongyu/26871403665834x.shtml
【合租】上海大学 乾清园 3室主卧,乾清园,2000,http://sh.58.com/pinpaigongyu/26587834687017x.shtml
【整租】月浦 新月鸿锦苑 3室1厅,新月鸿锦苑,3300,http://sh.58.com/pinpaigongyu/26640798321348x.shtml
【整租】月浦 中冶祥腾宝月花园 3室1厅,中冶祥腾宝月花园,3800,http://sh.58.com/pinpaigongyu/26872688321328x.shtml
【整租】曹杨 永翔佳苑. 2室1厅,永翔佳苑.,4000,http://sh.58.com/pinpaigongyu/26453216837309x.shtml
【整租】浦江 魔方公寓 1室1厅,魔方公寓,2000,http://sh.58.com/pinpaigongyu/27005769749932x.shtml
【合租】川沙 华川家园 3室次卧,华川家园,2059,http://sh.58.com/pinpaigongyu/26939007591480x.shtml
【整租】静安寺 魔方公寓新村路店 1室1厅,魔方公寓新村路店,3800,http://sh.58.com/pinpaigongyu/27007200650171x.shtml
【整租】上海大学 丰宝苑 2室1厅,丰宝苑,3700,http://sh.58.com/pinpaigongyu/26771556348337x.shtml
【整租】罗南 金丰苑南区 3室1厅,金丰苑南区,3000,http://sh.58.com/pinpaigongyu/26851042651315x.shtml
【合租】川沙 华川家园 3室次卧,华川家园,2043,http://sh.58.com/pinpaigongyu/26852783542713x.shtml
【整租】马陆 金沙湾绿地和苑 2室1厅,金沙湾绿地和苑,3200,http://sh.58.com/pinpaigongyu/26893989252403x.shtml
【整租】惠南 伊顿公馆 3室1厅,伊顿公馆,2600,http://sh.58.com/pinpaigongyu/26653510701775x.shtml
【整租】吴泾 其灵公寓 1室0厅,其灵公寓,2241,http://sh.58.com/pinpaigongyu/26885965880653x.shtml
【合租】川沙 华川家园 4室次卧,华川家园,2003,http://sh.58.com/pinpaigongyu/26908082377165x.shtml
【整租】菊园新区 汇丰荷苑 3室1厅,汇丰荷苑,3900,http://sh.58.com/pinpaigongyu/26796264952271x.shtml
【整租】上海大学 丰宝苑 2室1厅,丰宝苑,4000,http://sh.58.com/pinpaigongyu/26662705529780x.shtml
【整租】江桥新城 金沙鼎苑 2室1厅,金沙鼎苑,3000,http://sh.58.com/pinpaigongyu/26467567193034x.shtml
【整租】嘉定新城 永盛公寓 8室1厅,永盛公寓,2651,http://sh.58.com/pinpaigongyu/26852804841155x.shtml
【整租】吴泾 其灵公寓 1室0厅,其灵公寓,2416,http://sh.58.com/pinpaigongyu/26852832523825x.shtml
【整租】惠南 艺泰一品花园 3室1厅,艺泰一品花园,2600,http://sh.58.com/pinpaigongyu/26508089774668x.shtml
【整租】闸北公园 天馨花园 3室1厅,天馨花园,4000,http://sh.58.com/pinpaigongyu/26467573356240x.shtml
【整租】罗南 宝欣苑二村 3室1厅,宝欣苑二村,3300,http://sh.58.com/pinpaigongyu/26996271911466x.shtml
【整租】罗店 美罗家园润苑 3室1厅,美罗家园润苑,3200,http://sh.58.com/pinpaigongyu/26885226944846x.shtml
【整租】金鹤新城 金沙鼎苑 2室1厅,金沙鼎苑,3000,http://sh.58.com/pinpaigongyu/26453187044018x.shtml
【整租】泗泾 德悦苑 1室1厅,德悦苑,2852,http://sh.58.com/pinpaigongyu/26852847795387x.shtml
【整租】嘉定城区 柳湖景庭 2室1厅,柳湖景庭,2900,http://sh.58.com/pinpaigongyu/26771798018603x.shtml
【整租】曹杨 星云经济开发区 1室0厅,星云经济开发区,3000,http://sh.58.com/pinpaigongyu/26984318829261x.shtml
【整租】吴泾 其灵公寓 1室1厅,其灵公寓,2198,http://sh.58.com/pinpaigongyu/26453044936399x.shtml
【整租】惠南 惠益绿苑北苑 2室1厅,惠益绿苑北苑,2300,http://sh.58.com/pinpaigongyu/26453186260936x.shtml
【整租】杨行 远洋香奈 2室1厅,远洋香奈,3300,http://sh.58.com/pinpaigongyu/26473839969455x.shtml
【合租】唐镇 幸福里 3室次卧,幸福里,2176,http://sh.58.com/pinpaigongyu/26908324643260x.shtml
【合租】上海大学 聚丰景都 1室次卧,聚丰景都,2132,http://sh.58.com/pinpaigongyu/26467550917451x.shtml
【整租】嘉定新城 永盛公寓 8室1厅,永盛公寓,2701,http://sh.58.com/pinpaigongyu/26852816418482x.shtml
【合租】泗泾 德悦苑 2室主卧,德悦苑,2288,http://sh.58.com/pinpaigongyu/26908270435775x.shtml
【合租】泗泾 德悦苑 2室主卧,德悦苑,2288,http://sh.58.com/pinpaigongyu/26908270435775x.shtml
【整租】嘉定城区 远香舫新苑 2室1厅,远香舫新苑,2800,http://sh.58.com/pinpaigongyu/26985431021622x.shtml
【整租】惠南 惠康苑 2室1厅,惠康苑,2500,http://sh.58.com/pinpaigongyu/26452959113545x.shtml
【整租】罗店 宝欣苑一村 2室1厅,宝欣苑一村,2400,http://sh.58.com/pinpaigongyu/26928011178687x.shtml
【整租】上海大学 丰宝苑 2室1厅,丰宝苑,3700,http://sh.58.com/pinpaigongyu/27004539847596x.shtml
【合租】张江 樟盛苑 3室次卧,樟盛苑,2787,http://sh.58.com/pinpaigongyu/26852911281850x.shtml
【合租】张江 樟盛苑 3室次卧,樟盛苑,2768,http://sh.58.com/pinpaigongyu/26852908336555x.shtml
【合租】真光 长征家苑 2室主卧,长征家苑,2288,http://sh.58.com/pinpaigongyu/26453023570246x.shtml
【合租】泗泾 登云苑 1室主卧,登云苑,2499,http://sh.58.com/pinpaigongyu/26852923982529x.shtml
【整租】青浦新城 华中苑三区 3室1厅,华中苑三区,3300,http://sh.58.com/pinpaigongyu/26793795595722x.shtml
【整租】罗店 美安苑 2室1厅,美安苑,2300,http://sh.58.com/pinpaigongyu/26467577340470x.shtml
【合租】菊园新区 柳湖景庭 2室主卧,柳湖景庭,2900,http://sh.58.com/pinpaigongyu/26985266032461x.shtml
【整租】张江 万科泊寓国创中心 1室1厅,万科泊寓国创中心,3300,http://sh.58.com/pinpaigongyu/26930169165639x.shtml
【整租】嘉定城区 南苑一村 3室1厅,南苑一村,3700,http://sh.58.com/pinpaigongyu/26951091290316x.shtml
【整租】浦江 滨浦九村 2室1厅,滨浦九村,3200,http://sh.58.com/pinpaigongyu/26893736159407x.shtml
【整租】静安寺 星云经济开发区 1室0厅,星云经济开发区,3000,http://sh.58.com/pinpaigongyu/26985380406473x.shtml
【合租】高境 杰圣家苑 3室主卧,杰圣家苑,2289,http://sh.58.com/pinpaigongyu/27006293882428x.shtml
【整租】泗泾 登云苑 1室1厅,登云苑,3022,http://sh.58.com/pinpaigongyu/26852927915438x.shtml
【整租】李子园 星云经济开发区 1室0厅,星云经济开发区,3300,http://sh.58.com/pinpaigongyu/26984567479751x.shtml
【整租】惠南 惠康苑 2室1厅,惠康苑,3200,http://sh.58.com/pinpaigongyu/27004404481990x.shtml
【合租】张江 樟盛苑 3室次卧,樟盛苑,2684,http://sh.58.com/pinpaigongyu/26852916849196x.shtml
【整租】浦江 魔方公寓 1室1厅,魔方公寓,2100,http://sh.58.com/pinpaigongyu/27004759078727x.shtml
【整租】浦江 滨浦九村 2室1厅,滨浦九村,3200,http://sh.58.com/pinpaigongyu/26785870611626x.shtml
【整租】罗南 金丰苑 2室1厅,金丰苑,2300,http://sh.58.com/pinpaigongyu/26507920172203x.shtml
【整租】菊园新区 绿洲丰怡园 2室1厅,绿洲丰怡园,2700,http://sh.58.com/pinpaigongyu/26618229062965x.shtml
【合租】唐镇 幸福里 3室主卧,幸福里,2333,http://sh.58.com/pinpaigongyu/26908121365167x.shtml
【整租】浦东 惠康苑 2室1厅,惠康苑,2300,http://sh.58.com/pinpaigongyu/26467583061036x.shtml
【整租】吴泾 其灵公寓 1室0厅,其灵公寓,2417,http://sh.58.com/pinpaigongyu/26852839913296x.shtml
【整租】吴泾 其灵公寓 1室0厅,其灵公寓,2268,http://sh.58.com/pinpaigongyu/26852834856896x.shtml
【整租】川沙 心圆东苑 2室1厅,心圆东苑,3600,http://sh.58.com/pinpaigongyu/26716529080628x.shtml
【整租】惠南 听潮民乐苑零一坊 2室1厅,听潮民乐苑零一坊,2300,http://sh.58.com/pinpaigongyu/26467547087303x.shtml
【整租】南翔 泰翔嘉苑 1室1厅,泰翔嘉苑,3300,http://sh.58.com/pinpaigongyu/26884173302324x.shtml
【整租】张江 科苑路99号 1室1厅,科苑路99号,2912,http://sh.58.com/pinpaigongyu/26995461164615x.shtml
【整租】罗店 金丰苑南区 3室1厅,金丰苑南区,2600,http://sh.58.com/pinpaigongyu/26719671759538x.shtml
【整租】江桥新城 嘉怡坊小区 1室1厅,嘉怡坊小区,2000,http://sh.58.com/pinpaigongyu/26467564606131x.shtml
【整租】马陆 金沙湾绿地和苑 2室1厅,金沙湾绿地和苑,3200,http://sh.58.com/pinpaigongyu/26874205522377x.shtml
【整租】惠南 听潮民乐苑零一坊 3室1厅,听潮民乐苑零一坊,2600,http://sh.58.com/pinpaigongyu/26453183673771x.shtml
【整租】菊园新区 怡华家园 2室1厅,怡华家园,2800,http://sh.58.com/pinpaigongyu/26985688474166x.shtml
【整租】黄浦周边 筑福国际大厦 1室0厅,筑福国际大厦,2400,http://sh.58.com/pinpaigongyu/26995976068794x.shtml
【整租】惠南 彩虹雅苑西苑 2室1厅,彩虹雅苑西苑,2300,http://sh.58.com/pinpaigongyu/26508634967115x.shtml
【整租】上海大学 	聚丰景都 2室1厅,聚丰景都,3800,http://sh.58.com/pinpaigongyu/26929627771083x.shtml
【整租】惠南 金汇广场二期 3室1厅,金汇广场二期,3200,http://sh.58.com/pinpaigongyu/26467547887677x.shtml
【合租】嘉定城区 远香舫新苑 3室主卧,远香舫新苑,2900,http://sh.58.com/pinpaigongyu/26985456746960x.shtml
【整租】静安寺 魔方公寓新村路店 1室1厅,魔方公寓新村路店,3800,http://sh.58.com/pinpaigongyu/27007180646962x.shtml
【整租】嘉定新城 永盛公寓 7室1厅,永盛公寓,2701,http://sh.58.com/pinpaigongyu/26852810341164x.shtml
【整租】南翔 翔瑞新苑 2室1厅,翔瑞新苑,3500,http://sh.58.com/pinpaigongyu/26453195404086x.shtml
【整租】菊园新区 绿洲丰怡园 3室1厅,绿洲丰怡园,3500,http://sh.58.com/pinpaigongyu/26453092590124x.shtml
【整租】菊园新区 怡华家园 2室1厅,怡华家园,2700,http://sh.58.com/pinpaigongyu/26486778578616x.shtml
【整租】嘉定新城 永盛公寓 8室1厅,永盛公寓,2164,http://sh.58.com/pinpaigongyu/26852949724860x.shtml
【整租】惠南 富成公寓 4室1厅,富成公寓,3500,http://sh.58.com/pinpaigongyu/26807295093318x.shtml
【整租】马桥 银春苑 3室1厅,银春苑,3950,http://sh.58.com/pinpaigongyu/26952172344244x.shtml
【整租】罗南 宝欣苑一村 2室1厅,宝欣苑一村,2500,http://sh.58.com/pinpaigongyu/26467570701248x.shtml
【整租】江桥新城 嘉海雅苑一区 2室1厅,嘉海雅苑一区,3000,http://sh.58.com/pinpaigongyu/26452585892149x.shtml
【整租】菊园新区 柳湖景庭 3室1厅,柳湖景庭,3700,http://sh.58.com/pinpaigongyu/26972568566701x.shtml
【整租】川沙 华邦佳苑 2室1厅,华邦佳苑,3900,http://sh.58.com/pinpaigongyu/26871475700029x.shtml
【整租】曹杨 星云开发区 1室0厅,星云开发区,3300,http://sh.58.com/pinpaigongyu/26984983656379x.shtml
【合租】真光 长征家苑 2室次卧,长征家苑,2710,http://sh.58.com/pinpaigongyu/26908081799498x.shtml
【整租】南翔 	翔瑞新苑 2室1厅,翔瑞新苑,3700,http://sh.58.com/pinpaigongyu/26951046106558x.shtml
【整租】惠南 民乐城惠益新苑（ 2室1厅,民乐城惠益新苑（,2400,http://sh.58.com/pinpaigongyu/26620361002049x.shtml
【整租】嘉定新城 永盛公寓 7室1厅,永盛公寓,2701,http://sh.58.com/pinpaigongyu/26852809728452x.shtml
【整租】惠南 兴东佳苑 3室1厅,兴东佳苑,2900,http://sh.58.com/pinpaigongyu/26873438989130x.shtml
【整租】江桥新城 嘉怡坊小区 3室1厅,嘉怡坊小区,3800,http://sh.58.com/pinpaigongyu/26452972870579x.shtml
【整租】静安寺 魔方公寓新村路店 1室1厅,魔方公寓新村路店,3800,http://sh.58.com/pinpaigongyu/27006561890635x.shtml
【整租】菊园新区 柳湖景庭 3室1厅,柳湖景庭,3600,http://sh.58.com/pinpaigongyu/27005942282809x.shtml
【整租】长寿路 魔方公寓新村路店 1室1厅,魔方公寓新村路店,3800,http://sh.58.com/pinpaigongyu/27006471930560x.shtml
【合租】泗泾 德悦苑 1室主卧,德悦苑,2516,http://sh.58.com/pinpaigongyu/26852946864957x.shtml
【整租】罗店 美罗家园润苑 3室1厅,美罗家园润苑,2700,http://sh.58.com/pinpaigongyu/26467581086784x.shtml
【整租】罗南 金丰苑南区 3室1厅,金丰苑南区,3000,http://sh.58.com/pinpaigongyu/26705261595712x.shtml
【整租】川沙 华川家园 2室1厅,华川家园,3800,http://sh.58.com/pinpaigongyu/26883105767218x.shtml
【整租】惠南 惠康苑 2室1厅,惠康苑,2300,http://sh.58.com/pinpaigongyu/26452916415819x.shtml
【整租】月浦 新城昱翠湾 3室1厅,新城昱翠湾,3500,http://sh.58.com/pinpaigongyu/26783166872124x.shtml
【整租】惠南 	听潮民乐苑零一 3室1厅,听潮民乐苑零一,2900,http://sh.58.com/pinpaigongyu/26797654108606x.shtml
【整租】张江 万科泊寓国创店 1室1厅,万科泊寓国创店,3300,http://sh.58.com/pinpaigongyu/26971512676527x.shtml
【整租】嘉定新城 永盛公寓 7室1厅,永盛公寓,2501,http://sh.58.com/pinpaigongyu/26852807226031x.shtml
【整租】罗南 美罗家园润苑 2室1厅,美罗家园润苑,2100,http://sh.58.com/pinpaigongyu/26452904362154x.shtml
【整租】嘉定城区 	怡华家园 3室1厅,怡华家园,3500,http://sh.58.com/pinpaigongyu/26730887302320x.shtml
【整租】罗南 美安苑 3室1厅,美安苑,2600,http://sh.58.com/pinpaigongyu/26496797893681x.shtml
【整租】张江 科苑路99号 1室1厅,科苑路99号,3032,http://sh.58.com/pinpaigongyu/26995900205895x.shtml
【整租】上海大学 丰宝苑 2室1厅,丰宝苑,3700,http://sh.58.com/pinpaigongyu/26795824993713x.shtml
【整租】浦江 魔方公寓 1室1厅,魔方公寓,2200,http://sh.58.com/pinpaigongyu/26982469779267x.shtml
【整租】马桥 银春苑 3室1厅,银春苑,3950,http://sh.58.com/pinpaigongyu/26952160529330x.shtml
【整租】南翔 金沙湾绿地和苑 2室1厅,金沙湾绿地和苑,3300,http://sh.58.com/pinpaigongyu/26926636087499x.shtml
【整租】惠南 惠康苑 2室1厅,惠康苑,2500,http://sh.58.com/pinpaigongyu/26463699386923x.shtml
【合租】锦秋花园 丰宝苑 3室主卧,丰宝苑,2000,http://sh.58.com/pinpaigongyu/26642714044211x.shtml
【整租】青浦新城 新青浦花苑 2室1厅,新青浦花苑,2800,http://sh.58.com/pinpaigongyu/27006661759549x.shtml
【整租】吴泾 其灵公寓 1室0厅,其灵公寓,2416,http://sh.58.com/pinpaigongyu/26852840339754x.shtml
【整租】人民广场 魔方公寓新村路店 1室1厅,魔方公寓新村路店,3800,http://sh.58.com/pinpaigongyu/27007185976370x.shtml
【整租】周浦 惠浦公寓 2室1厅,惠浦公寓,3500,http://sh.58.com/pinpaigongyu/26771500933678x.shtml
【整租】长寿路 筑福国际大厦 1室0厅,筑福国际大厦,2400,http://sh.58.com/pinpaigongyu/26995027981259x.shtml
【整租】嘉定新城 永盛公寓 7室1厅,永盛公寓,2501,http://sh.58.com/pinpaigongyu/26852806511167x.shtml
【整租】惠南 	伊顿公馆 2室1厅,伊顿公馆,2500,http://sh.58.com/pinpaigongyu/26874990716102x.shtml
【整租】嘉定新城 远香舫庭苑 3室1厅,远香舫庭苑,4000,http://sh.58.com/pinpaigongyu/26772178205261x.shtml
【整租】顾村 金丰苑北区 2室1厅,金丰苑北区,2300,http://sh.58.com/pinpaigongyu/26467547973450x.shtml
【整租】吴泾 其灵公寓 1室1厅,其灵公寓,2618,http://sh.58.com/pinpaigongyu/26453014633282x.shtml
【整租】万里城 魔方公寓新村路店 1室1厅,魔方公寓新村路店,3800,http://sh.58.com/pinpaigongyu/26840205576624x.shtml
【整租】惠南 西北新村 3室1厅,西北新村,3000,http://sh.58.com/pinpaigongyu/26894279819853x.shtml
【整租】月浦 中冶祥腾宝月花园 3室1厅,中冶祥腾宝月花园,3400,http://sh.58.com/pinpaigongyu/26950663759669x.shtml
